Client ID,Client Name,Phone number,Address,Email
4652ce22-4f8d-460c-ae13-d271df81c783,James Anderson,+1-458-742-1676x265,"58073 Morales Cliffs Apt. 379
Gilesland, PR 52923",kclark@example.org
f3178a03-fed7-4b0e-9985-6d08ec1716d8,Rebecca Ortiz,(673)541-8575x37337,"913 Hampton Radial Apt. 237
Matthewburgh, PA 10844",ryan43@example.com
3824efe8-ca16-40ed-8f51-0d0b6cd9a8d6,Andrea Weeks,4295526903,"52757 Nicole Shoals Apt. 003
Davidstad, OK 91433",murphylaura@example.org
4d9f016c-5c09-4195-8f06-9b7abe9ce8a2,Brenda Hunter,743-450-5725,"Unit 6958 Box 1896
DPO AA 56656",ugarcia@example.org
3a7a4a2d-0291-410a-a622-cceee95a7eff,Molly Cobb,001-787-922-6681x6639,"6368 Frazier Forge
North Brianside, PA 06236",watsonmichael@example.com
760d241b-4582-45e6-8ac5-cc0e94b3d983,Christopher White,001-862-827-6588x947,"876 Henderson Light Suite 094
Masonmouth, PW 39950",neil90@example.net
6bab526b-cd57-4bce-b2f8-d3bda837943d,John Maynard,686-348-8416,"9820 Madison Point
North Lisa, LA 69863",ywright@example.net
d51467ab-6042-491c-85f3-0fce9e867824,Carolyn Berger,599.324.9891x9368,"0914 Timothy Summit
Jacquelinemouth, UT 64044",robertstamara@example.org
28600f7e-46da-4d3e-83bc-d685667188e6,Tamara Ramos,347.531.1989x847,"658 Ashley Rapids Suite 140
West Laura, WI 90586",david51@example.com
581f2887-6e54-45ae-abf9-387ed531886e,Peter Johnson,001-838-318-5825x834,"67491 Payne Mountains
East Adam, RI 60352",johnsonjohn@example.net
9b26b2b0-2892-437d-bdc7-e57860641a75,Amber Johnston,001-998-224-1795x35746,"42520 Angela Junctions Apt. 517
Garciaside, ND 05268",dgreen@example.net
baff65b3-1700-4590-a4fd-0f56a742df65,Brittany Bradley MD,341-861-0802x2375,"981 Rice Dale
East Kathryn, WI 72566",xbenton@example.org
27c7ac82-f9b0-4fe7-b03b-df689807e608,Michael Bowen,205-911-9829x776,"1125 Wheeler Key Suite 737
Emilytown, ME 20018",goldenalyssa@example.com
60903eea-1d12-4877-9af3-4d40eb9f2312,Denise Paul,441-258-4676,"059 Alexandria Trace Apt. 958
West Amandamouth, VA 85872",lesterdavid@example.org
04ae214a-a687-4ae3-8e1b-a3bf14b289df,Sandy Gonzalez,357.869.5763x792,"2177 Steven Summit
Jessicafurt, IN 13576",brendahunter@example.org
cb3efb48-5fd3-4b07-8b91-03983e8ac6e4,Timothy Clark,001-595-976-0262x510,"92821 Lopez Mountains
Kevinland, MT 54899",beth76@example.org
598ab201-7b5a-4363-bd01-50083d57a830,Gregory Bryant,3563323953,"568 Dustin Courts Apt. 903
Maryfort, NY 13543",kirklauren@example.net
9dd71018-f4cf-49a5-ad22-f1ebd9a1a94b,Jennifer Chaney,(662)793-5974,"834 Dakota Wall Suite 748
Kaylachester, VI 88947",wagnermatthew@example.org
18747fce-8915-4592-ac5b-b979193d2292,Brittany Cross,(314)956-8909x26338,"08902 Crawford Groves Apt. 958
Stephaniefurt, SD 97659",ubrown@example.net
9837519e-ea34-40e6-b3e2-28bc0ff34ac4,Shelby Vargas,001-650-762-1037x4812,"497 Parrish Village
South Kathleen, ID 22419",uavila@example.com
29750902-c248-4534-abf8-fa174f22c3a4,Anthony Anderson,(531)205-1849x38388,"171 Navarro Centers Suite 988
Prattfurt, MD 45048",kirk71@example.net
e614c14b-eb53-4d26-bb0f-0b8eb6c5e7a8,Elizabeth Oliver,5398899678,"0175 Allen Forges Suite 047
Port Valerie, DC 55355",evan71@example.com
e0ab14b6-6d6b-446e-a7eb-e66a7feaa98d,Andrew Flores,001-454-220-7907x51377,"9205 Bonnie Bridge
North Marktown, NM 95748",ojones@example.org
0fcad75e-6532-4454-9e93-8d3a77bb7f20,Amanda Boyer,(582)661-0947x3839,"362 Vaughn Street Suite 439
East Brianside, OK 88557",washingtonbrent@example.com
e3615737-6b9e-4681-9435-71d0f837f9e6,Julia Adams,(586)395-8769x56533,"0954 Johnson View Suite 111
Sandraburgh, TX 74461",cooleypeter@example.org
cccecdf9-eedc-4c82-b9a5-03d87a120ba8,Sonya Harris,259-962-7960x95215,"565 Keith Mount
Smithmouth, MH 94716",cynthiamcdonald@example.net
886812ce-b085-473d-8dfa-30d7c77a4418,Eric Dominguez Jr.,489-857-7602x248,"5262 Cox Knoll Suite 258
Kevinbury, IN 10687",bullockjacob@example.org
326bbda6-2bb3-4234-bbeb-a152de91fad5,Marcus Dorsey,417.282.7297x2502,"82736 Owens Loop Apt. 139
East Loriside, CA 44393",gbyrd@example.com
f6ec18ef-8229-4f6a-9480-2f342a764bea,Christopher Lane,001-539-834-1247x44123,"656 Amanda Ramp
South Robert, DC 42033",sancheztammy@example.net
94017164-ee50-4f68-845d-b1d0fb09ca45,Daniel Guzman,001-275-644-4051x952,"049 Collier Haven Suite 315
East Brandonshire, FM 33927",bpark@example.org
03a6a40c-f3be-4a18-a870-24b9077d9855,Russell Barrera,+1-721-863-1741x8992,"68095 Jennifer Forge Apt. 693
East Timothy, AR 90005",reynoldsshannon@example.com
7b76cfe0-31f3-45a4-80d0-284a56b40276,Michael Anderson,+1-594-929-1349,"155 Oliver Ville Suite 254
West Marissa, ND 83533",marshjulie@example.com
d399f9b2-4115-490e-b212-79dd26b715e8,Adam Larson,305.843.6617x794,"32198 Christina Street
Port Sabrina, TX 48408",michaelgonzalez@example.net
90f79fd6-c077-4ee6-b18c-013a44fbbd9a,Dr. Danny Pena,+1-848-500-9034x55025,"3159 Marquez Brook
East Christopher, HI 47918",kayla96@example.com
68cec4c9-38ef-4ca4-8b3b-3778bb597cb3,Jordan Kelly,+1-404-478-7247x6217,"65696 Martinez Forks
Collinstown, MA 93762",dakota90@example.org
389b4295-6de8-4020-8bc9-33da5441b36f,Erik Price,+1-579-819-1396x85248,"8784 Sarah Mills
North Chris, CO 58372",clowe@example.org
ea675b69-ec80-4011-be0a-c6f79ce3cc47,Patricia Mathews,001-776-416-7691x8813,"1021 Brittany Points Apt. 548
Brownton, MH 73551",christophersmith@example.org
dc285da8-9f7f-4c04-a911-d5a66c770519,Kathleen Daniels,796-849-9869,"5561 Jason Walks
Port Susan, VI 47188",butlergeorge@example.com
3bd8f14f-9a1c-4f00-8913-c2cfb31f9d58,George Terry,751-945-7680x188,"98433 Harrison Mews Apt. 779
Thomasside, IL 55349",patriciabates@example.com
d1a15e3a-9293-4469-95a8-3d2e0f63de25,Robert Owens,436-278-2607x15727,"2911 Mcdaniel Drives
North Michael, WY 35706",mcdanieljacob@example.com
9f3ac091-c516-41a2-bac6-de9fd09bdffd,Cynthia Johnson,829-313-6213,"34999 Porter Mews
West Jamesstad, GU 52021",ybenson@example.org
538bd9b8-1894-46ee-ae0c-a2d138032ca9,Mr. Mark Cooper,+1-591-990-6147x0720,"PSC 6884, Box 8301
APO AE 73244",oliviaallen@example.net
900a5935-007a-4db0-98e8-47510d8c29b0,Richard Cook,(294)786-2655,"342 Amber Haven
North Benjamin, NY 94544",benjamin87@example.com
1c1d1980-baec-40d0-bbf9-0864351ab590,David Brewer,700.222.7796,"79685 Lori Hollow Suite 331
West Rachelport, AK 80700",breannamartinez@example.org
97880eaf-9629-4061-9482-fa7e0f0636b7,Jamie Bass,001-387-987-3544x768,"9943 Walker Center Suite 493
Davidtown, AL 19050",ashley83@example.com
77ed5670-87d5-4a23-be6f-56d015ab10af,Theresa Murphy,594.937.0114x7182,"227 Harris Squares
Port Marcland, MO 36006",heather10@example.com
efe9adf2-4cd0-479a-9b7a-6ff002ba7e88,Monica Henderson,+1-865-964-8731,"2675 Collins Circle Apt. 113
Wilsonton, FM 14269",floresbrian@example.org
0f9e19cb-181f-4984-8c62-76ade024a7dc,Brian Estrada,201.661.3231,"00234 Miller Ridges Apt. 596
Margaretville, FM 46075",smithmichael@example.com
239a2c16-f5cc-4d59-ab5a-e74effcdc562,Justin Norton,+1-235-952-4607x794,"Unit 5899 Box 2506
DPO AE 95427",robert73@example.net
7c3a4b80-118c-4029-aed1-cfacb6a82394,Adam Lowe,(712)873-6475x5766,"74572 Laura Ridges Apt. 459
Kristenmouth, SC 72608",fpadilla@example.org
6e01e5c3-4364-4f2e-a47e-c3cb421f9560,Anne Young,+1-556-965-9838,"9189 Smith Mills
North Terryhaven, NH 15280",garybeasley@example.net
7947e0f4-be53-4635-899b-594ef32357ab,Kristina Garcia,692-766-9887x3626,"8147 Clark Isle
Stephanieside, ND 18016",martinmichael@example.net
b050288f-0f87-4b61-b311-c4b13f23537f,Amy Vazquez,838.620.5535x1812,"795 Eric Crossroad
Kingchester, MS 37812",mejiathomas@example.org
f9a08ddb-1b15-47ed-9aae-3dadd17b97eb,Andre Roberts,578.900.9003x526,"Unit 1123 Box 7619
DPO AA 28836",xgarcia@example.org
51fc8e5c-9a01-4039-918e-8ab8f7c7bd74,Tyler Anderson,(289)937-4343x516,"654 Daniel Brooks Apt. 108
Shannonbury, IN 54264",jeremycooper@example.net
0d98bbee-48ed-4cfd-b2ae-a8b61181890e,Kristin Sandoval,982.457.6394x143,"24755 Alicia Squares Suite 781
North Jeffreyfort, HI 45998",gibsonerin@example.org
fa53b6c2-c709-4b0b-b91b-08a7bcce514a,Vanessa Lucas,282.357.3192x120,"4774 Ward Vista Suite 114
Stewartview, MP 88554",cindycarr@example.org
fb0f97d1-ae99-472f-a642-02e09d0e1ba1,David Mitchell,+1-376-867-8650,"6657 Fuller Throughway Suite 226
Kristenberg, WY 81565",brookstodd@example.net
7a7b454b-aa84-4511-a460-016f328bb0fe,Michele Davenport,001-796-568-2125x834,"7718 Boone Ports Suite 596
Amberstad, NC 71704",frussell@example.com
b2b3c366-e371-4ab3-8a1f-3f155c457d45,Sonya Stein,887-431-6049,"21618 Juarez Camp Suite 313
Cathyville, WA 88109",cortezphillip@example.net
14fedd09-a586-4a59-8791-1449eee15308,Thomas Davis,001-838-363-4047x299,"623 Linda Rapid
Petersonside, NE 21697",bchristensen@example.org
5cb9581c-4901-4d07-a03b-4764344e2b73,Nicholas Love,+1-607-846-3255,"654 Keith Union
Phillipsside, RI 35584",petersensamantha@example.net
11a10647-6297-4546-af3f-c5f6bd023831,Alyssa Lopez,285-556-1455,"60913 Elizabeth Burgs Apt. 867
New Kendra, LA 76073",kpatterson@example.org
6742d8cc-1eca-43be-be62-48dd8d8c238c,Brent Smith,(862)273-5330x46313,"23132 Herrera Crest
Bennettchester, NM 95361",dgarcia@example.com
d76a0e22-5758-4f12-b8a3-ddb03e0be8cd,Darren Frye,212-922-7691x2470,"934 Matthew Port Suite 974
Williamstad, DC 34642",matthewwilliams@example.net
eca05a86-0e3d-4b5f-919b-2acad7e16fe2,Stephanie Roth,272-505-6840,"4570 Tammy Parkway
Charleston, TN 98044",woodsthomas@example.net
64735c00-0b3e-4668-9877-7561592ba7a3,Stacy White,001-378-316-0013x34284,"9848 Christopher Wells Apt. 031
Whiteburgh, CO 15654",christophercurry@example.net
93e4bc88-791c-4a27-a660-c364d89e8933,Mr. Bradley Avila PhD,(965)356-5281,"962 Carpenter Burg Suite 959
Joshuaberg, VT 15880",tiffany28@example.com
24f598d3-bf7a-412c-986c-2f37cfd862d4,Wesley Fuller,870-461-9683,"22521 Lisa Ferry Suite 280
Lake Michael, MT 07948",douglas63@example.org
c74dfdfc-8df0-4111-b734-d692e0c199f5,Timothy Williams,9603278623,"PSC 8443, Box 1910
APO AA 01275",fergusonkrystal@example.com
3b24febc-51b5-4d87-8b94-80afd62ad2c3,John Jacobs,782-983-5758,"6106 Jones Spring
Port Jacquelineport, HI 89944",lamberttaylor@example.org
2e3db14f-6ad8-4eae-91f9-f49b08201b00,Matthew Moss,982.810.6870x29423,"91914 Harrell Gateway Suite 558
Trevorview, IN 23148",gregorybrown@example.net
3d53736a-ea31-4afc-8048-36f38c8b6045,Alexis Nguyen,+1-500-575-8908,"018 Garcia Village Apt. 249
Schultzview, ND 95864",knoxfrank@example.com
007efe9e-5aad-4531-abd1-399f58896f41,Mrs. Holly Kelly,(898)894-2842x77799,"654 Santiago Lock Apt. 371
North Carmenfurt, VA 04309",melissacherry@example.net
42452d0d-47d9-4527-a5c7-01c1993f8d4d,Rebecca Nichols,+1-318-368-5592x68074,"20123 Daniel Parkways Apt. 267
New Justinmouth, ME 64042",lisa15@example.com
1af1deeb-b665-4a91-b830-4ea1bf8b67b6,John Morales,+1-596-611-2163x179,"0278 Ryan Land
Oliviastad, PA 52324",smithrhonda@example.org
cc3370ba-5b18-4d43-ae0d-344eb11b1687,Lisa Martin,(741)640-2102x93591,"Unit 3950 Box 9054
DPO AE 80932",jeff35@example.org
12be6968-034b-47c7-9251-bbecc60fdeb9,Amy Mack,929-520-7156x187,"4806 Lane Plaza Apt. 780
Josefort, NM 90689",oreyes@example.net
6a47e9ac-b9e1-4606-9422-8073defc6415,Darlene Roberts,351.214.2039x69633,"8323 Johnson Freeway
Michaeltown, MH 51158",tara03@example.com
917dd142-5c6b-4ec1-9960-159dd5493795,Jeremy Bowers,4906928082,"983 Krystal Club Suite 621
Josephland, ND 49676",shepardcody@example.net
ce564e06-193e-4df6-b107-0da2439c7866,Alexander Moore,001-653-600-8397x49541,"8398 Fleming Mall
Shahton, KS 13327",iherrera@example.com
cce35940-80f9-48d7-92eb-0bf69fa5cb20,Katelyn Cohen,927.601.7939x2682,"928 Moore Ramp
South Dylan, WI 73680",howardmartin@example.net
b7169542-f0df-4d7a-8dd0-5096b8bf7cf5,Jamie Clark,645-602-7535,"26535 Walter Summit Suite 331
Port Stevefurt, OH 02848",barrerika@example.com
179bf228-dadb-45fd-a0bb-b5838d53ceeb,David Wilson,+1-994-223-3277x977,"0989 Hardy Mountain Suite 753
Tinaport, NE 08784",mjohnson@example.com
82e4c689-0e88-4658-9da7-94ac9dda658b,Lindsay Flores,(556)716-1537x125,"284 Liu Tunnel Suite 606
Port Tony, OK 49546",hermanandrew@example.net
0f658733-e10f-461f-b673-2df956508a67,Alyssa Stafford,897.251.7159,"3673 Ryan Radial Suite 884
Lake Theresabury, VI 25821",johnsoncharles@example.net
f535f4f1-3a4e-425e-b9b8-ae8f9cf5183f,Christine Matthews,001-203-358-5379,"26755 Campbell Isle
Reginaldmouth, WY 29711",levyraymond@example.com
d4e6c7d2-b69b-4fb7-b8e2-371b2d6dcb35,Antonio Pham,(785)270-1903,"08591 Hannah Meadow
West Elizabethmouth, PA 85982",williamwiley@example.com
d525ebe3-0c66-4dd9-95ba-9c3a74add12b,Andrew Smith,(296)605-6112,"3713 Jessica Lodge
Rodriguezfurt, IN 40599",ymartin@example.net
64d09b50-8d4e-4723-ba4b-29d88fa282d2,Daniel Washington,+1-572-721-1034x87835,"6072 Monique Port
Port Kelly, MI 97267",gabriellamacdonald@example.com
679b04bf-a3f3-4c1f-b48c-427ae602cd38,Laura Davis,717.863.0905,"889 Dakota Lane Apt. 434
Gabrielton, SC 21268",ulynch@example.org
eef446fd-4213-4608-be29-bf73c3508b49,William Escobar,837.726.0926,"607 Benjamin Union
South Matthew, HI 89495",millerjill@example.net
549ffd78-a050-4fc4-8270-3d2341d102c6,Jimmy Rodriguez,001-858-929-9166x9867,"4688 Greer Mill Suite 190
North Sharon, NC 03264",charles81@example.com
db9d857a-5bfa-4414-8cf3-b916a904cb45,Kaylee Wilson,643-493-6695x6548,"623 James Shoals
Woodardland, ND 16499",creed@example.net
6ef5775a-d020-495a-b0bb-d678a1a95820,Stephanie Wheeler,(448)912-6264,"636 Peterson Manor
Elizabethshire, NE 49060",williamguerrero@example.org
bfe0c777-d338-4e23-8a7d-e7571ec14e14,Michael Hamilton,8603463304,"36373 Browning Pass
Gomezville, PW 63318",eugenebell@example.org
56c79941-a8f2-4fd5-bfc7-0fd48591f0d6,Jacob Johnson MD,(503)435-8097x800,"12714 Harper Square Apt. 579
Ballardmouth, LA 98420",loriconner@example.org
5ea05d1c-d0c3-45d4-bbbf-21e0c4462607,Thomas Santos,+1-991-465-3016x026,"79972 Joseph Garden Suite 261
East Diana, CO 77511",burkejohn@example.com
0b7ef05b-2269-49c1-9945-2806d3a2da2f,Mary Malone,407-682-4612x04886,"35570 Bowman Ways
Port Alexander, TX 07858",obenson@example.net
2722c699-3549-4136-8c11-363df053b4af,Walter Jackson,333-781-5681,"0273 Cynthia Dale
Port Jade, KS 41609",ethanwalker@example.net
4d4c3287-7c2c-4dbb-b83e-02c7b5a0c820,Matthew Evans,562.741.3876x12906,"4107 Green Rapids Apt. 549
Olsonberg, NE 06264",alexander50@example.org
98d6b7ae-7ed2-4ad4-8f78-e33163b3af60,Rachel Nguyen,+1-599-407-3591x240,"67683 Gonzalez Pass
Lake Josephville, AK 46753",priscilla85@example.net
bea8e067-a9af-4fa6-8fc3-712f5aa4658d,Jeffrey Cuevas,(865)367-8530x9971,"558 Meyer Lakes
New Thomastown, MH 99392",richardduncan@example.net
31af74bd-0a40-4d6c-8e13-2e84d4c07ad1,Heather Knight,001-647-939-9128x6856,"30046 William Dam
South Benjaminbury, TN 07593",pwoods@example.com
37db58e2-aa2d-486d-ad8c-aa768010ec44,Chris Jensen,001-677-614-5970x615,"6364 Robertson Courts Apt. 918
Anthonyland, ND 57550",cassandra15@example.com
be638a14-6a7e-426a-94e6-3ec9e221cc8c,Mary Harris,247-582-0894,"28288 Pearson Pine
West Nicholasville, TX 14023",zramos@example.net
5aecde65-cca1-4daa-b803-a6c4ec8817a1,Joshua Brewer,001-497-519-4544,"160 Casey Manor Apt. 531
Michaelside, LA 99063",wilsontimothy@example.org
487ba8df-16dd-4465-bb30-3bbc67600a6c,Ryan Martin,518.667.4642,"833 Burns Walks
Alejandrochester, KS 11664",mooremonique@example.org
3e168c7b-341b-45fe-917e-0660d0418a3a,Darrell Farmer,432.278.9933x989,"7609 Jesus Tunnel Apt. 199
South Danielland, PR 01678",stonechristopher@example.org
e2b5c00a-3b5b-45cf-872b-07470af8cc3e,Angela Villarreal,(494)532-0919x569,"4705 Edwards Plain Apt. 472
Lake Lynn, MT 42943",nboyd@example.org
12658e24-dc08-442d-93cd-a888aff8d247,Jacqueline Fox,(857)756-2822,"Unit 5051 Box 5702
DPO AE 35994",bradshawerika@example.net
e4238faf-6ed8-4d6f-a31d-9122fc729720,Samuel Jenkins,+1-501-752-0890x034,"63163 Reed Avenue Apt. 020
Marcusmouth, TN 98561",jerry82@example.net
c10f2e84-dda0-45c2-9c13-9747dfea581e,Chelsea Smith,(776)229-4500,"2769 Adrian Rapid
South Shaneberg, ME 11695",jenniferstevens@example.org
efd4181c-c9ec-4d47-ba8f-cbece7d36de9,Danielle Mejia,+1-276-281-7866x109,"965 Campbell Manor Suite 412
West Ashleyville, OR 46850",walkeredwin@example.org
e1a02d68-8201-4b3c-90bf-b0d022b331ca,Shawn Calderon,5374948672,"Unit 4311 Box 8310
DPO AE 28746",jenniferhill@example.net
d8f033e2-10e2-49cc-92c5-f0784a903e80,Steve Walters,(726)325-5984x1718,"78898 Phillips Place
Anthonyhaven, LA 14571",baileynicole@example.com
16360c56-24ce-49a1-ba30-e4903d0cd5e4,Angela Carroll,582.212.7069x26643,"96292 Christina Manor Apt. 699
South Maria, CT 40489",johnramirez@example.net
b1f390be-ec2b-4ea4-b585-9712da56632d,Daniel Villarreal,(736)437-2468,"21052 Yang Ports Apt. 107
Olsenchester, VA 84099",dominguezjoel@example.net
ecb08101-d4b8-456d-9dbe-b1a23c801674,Steve Dennis,(947)521-9580x43844,"421 Sean Bypass Suite 419
Sheltonland, OR 74253",michelle48@example.com
3e3a6d03-6136-4198-b82c-917de748510a,Mark Alexander,416-793-6208,"573 Molina Lodge
Port Keith, DE 70934",darrenwashington@example.net
d8df17e6-3a34-473d-8e18-1db8f40aaa41,Angela King,208-663-6001,"940 Salinas Skyway Apt. 225
North Michellefurt, MT 59898",robertbradley@example.net
dc6df872-c8fe-40bc-b73f-37d6f011449b,Tara Farmer,001-614-509-7565x29800,"97280 Roth Rapid
South Randy, AR 71509",danielrodriguez@example.org
701f758b-76a4-4c80-885e-050cfebd1a9d,Colleen Gonzalez,2729386779,"PSC 6313, Box 6362
APO AA 51688",rachel66@example.org
42e510cb-a9c9-4b19-9030-20793fa20dd3,Andrew Montes,001-691-402-6758x74816,"0673 Sarah Via
Marshallstad, NM 13428",lewisbrittany@example.com
0f47d5d7-bc77-41a9-920a-510efbef64a2,William Rivera,001-928-411-0601x33572,"8074 Cynthia Plain Suite 621
Port Christopherland, NM 46980",aaron12@example.org
bc6d8259-ead4-4984-a652-b57792c724cc,Samantha Roman,629-632-0040,"66547 Morris Cape Suite 453
East Donaldshire, NH 77028",thompsonjulie@example.net
aae80a5d-8912-48f9-a554-f4ad31d49548,Cindy Gill,746.555.5466x65889,"51620 Amy Skyway
East Leslieview, MH 10555",lewisdenise@example.net
58269063-c9c1-4e44-b6bf-beef28aafabb,Jonathan Lambert,001-516-980-3917x576,"7342 William Way Apt. 574
Owensside, WY 27199",clairehunt@example.net
9a706cb8-5256-4ec9-90c1-804d513452e8,Timothy Walker,(799)219-2892x40638,"65327 Harris Lock
East Christopher, IA 46294",bwhite@example.net
a9ad2693-d22e-4545-a22a-8ab5f0c1a1c9,Shelby Howell,268.579.9073,"9593 Williams Manors
Lopezstad, MN 23033",lwilliams@example.com
bcb61783-82be-457d-85d3-a0daae9ba8ab,Eric Reed,3797722751,"411 Bonnie Trafficway
Andersonhaven, MS 26285",jack17@example.net
5d51e6cd-a570-47a2-a0f8-3bc1c2f4bed1,Jason Gonzales,001-204-302-2661x7871,"3930 John Flat Apt. 275
New Antoniohaven, TX 06413",stevenssheila@example.com
d4c1d68a-14b3-408d-a33d-be3a3e252525,Anna Brown,001-728-875-4564,"132 Alejandro Isle Suite 129
South David, DC 46915",christopher33@example.net
56f9b3f6-4a8b-4ac1-b3a9-0022c6b1d0f6,Kevin Benton,001-548-249-4339x95658,"7802 Elizabeth Drives
Craigberg, NJ 33781",xandrade@example.com
8380a664-ac53-4015-8ec8-ac6ca45a5363,Jeanne Ramirez,(582)620-3748,"654 Williams Pass Suite 069
Chanhaven, MS 61166",clarkeamber@example.org
c56e4970-b67c-465e-b785-ba6da9fa2496,Keith Odonnell,001-344-793-2559,"0246 James Fork
Lake John, PA 74888",nmiller@example.net
05d3d158-dc42-4b26-9f18-7aaa8ab7d187,Lucas Fitzgerald,001-306-793-8898x53106,"91124 Monroe Lodge
Gardnerberg, AL 96443",mcknightjoseph@example.com
c0bf9e30-21ec-43b4-832c-e1912d72529d,Jose Dodson,443-878-1642,"22019 Taylor Shoal
Julieville, IA 78343",daniel49@example.net
07956fc3-0350-436d-867d-612ae9ab4af2,Natalie Avery,332.258.4085x64545,"4589 Jones Springs Suite 454
East Mistyville, GA 50533",jsingleton@example.net
5709ca62-a7d6-4952-bc7c-b3a749bd5a0e,Sherry Cox,469.309.5875,"2336 Christopher Point
East Stephenbury, CT 09457",ncampos@example.net
1fdf5d38-3922-49bb-a006-3f83d2ab472d,Carrie Simmons,507-655-5484,"02780 Sanders Walk
Novakton, LA 41948",sallen@example.org
e8cc03d6-8967-45b2-ab44-862a135e37fd,Randy Martin II,428-295-8158x00762,"1979 Daniel Fort Suite 494
Jerrymouth, TX 71074",jwilliams@example.org
3edda352-fc1f-477e-8be0-efa85c493a28,Beverly Gentry,591-486-0573x5611,"904 Smith Alley
New Christine, CA 95362",kendrajones@example.org
3d4d0639-2c8f-40f5-ad55-fa18156adf26,Kendra Marsh,(847)922-4360x11602,"74451 Rogers Prairie
Jonathanberg, IL 59602",jwilliams@example.net
54e1df2f-88a5-4b94-b2be-bc1c246faf3a,Brittany Schmidt,549-543-7575x766,"599 Barron Loaf Suite 381
Finleyfurt, KY 30646",sarah84@example.net
17b35a18-1eb5-4588-9700-40c6c63e78b0,Jeffrey Hall,831-402-1349,"88386 Murray Burg
Briggsview, ME 43069",claudiazamora@example.com
d25f7403-1d20-466e-8357-966a492ace11,Tyler Cummings,(490)267-6138x33939,"04171 Robles Spurs
North Kristina, NH 14893",maria53@example.com
743e921a-d803-48c0-afea-2749bf0002a7,Gregory Burch,802-535-8998x048,"47613 Deanna Vista Apt. 154
Sarahmouth, IN 30180",dustinwagner@example.net
376ca7e1-fb87-4228-a669-c529cf5e5502,Angela Davidson,+1-618-718-8625x7118,"844 Burns Underpass
East Jesusville, KY 51962",chandlerlaura@example.com
11a39a13-5fe6-4a6f-9fd9-07e12c9708f7,James Fisher,720.848.5516x1396,"52780 Sanchez Oval
North Rhonda, CT 54073",destiny23@example.com
e2062f27-a55a-4056-9b22-214a13325e1d,Joshua Phillips,001-569-715-1344,"48968 Edwards Mission Apt. 937
East Mikeburgh, GA 76514",wbrown@example.net
48fb0cb6-4c4e-4589-b7e3-bd9edf436a18,Karen Ward,228.389.4429,"9194 Manuel Burg Apt. 379
New Kaitlinview, MP 02579",christopherday@example.net
53187781-3ab4-4bf4-9562-1f242feb8b44,Jacob Snyder,452-372-3805x02224,"92482 Brandy Stream Apt. 289
Thomasstad, MO 71214",wongrobert@example.com
7562c52b-2b62-48dc-b049-99b115010990,Andrew Martin,001-206-587-3893x4658,"77850 Mccoy Lock
Carrolltown, MS 17617",ccarroll@example.net
43112f07-24fa-46bf-98f8-fa48afda39e7,David Davis,372-599-6706x10695,"57772 Buchanan Club Suite 923
Jadeton, PA 27537",cruzmelissa@example.net
e2e604e5-310b-48a8-b667-e3ebe7ebba28,Robert Padilla,530.658.0700x294,"475 Freeman Ville
Melissamouth, FL 14115",pchristensen@example.net
45553d87-a732-4f16-a198-7247b1a1a9a6,Brandon Clark,249.815.0500x311,"415 Evan Lock Apt. 783
West Amberbury, MO 93034",crystal83@example.com
4a984c71-bc2b-495b-a703-8e66870242f4,Miss Erica Barker,001-211-351-9187x654,"042 Jones Summit Apt. 775
North Erikton, ID 91507",torrestimothy@example.org
c147f17f-8c96-402e-a31e-8d10f63166e4,Larry Bullock,(861)383-1169,"PSC 3489, Box 0196
APO AE 80158",rhoffman@example.net
9821c07b-3948-4cd0-af71-0e67dd3508b9,Lawrence Dodson,273-961-1771,"PSC 2523, Box 0213
APO AP 29648",mwu@example.net
8a8da3f0-ddd0-42ed-9af4-750e753cd7ba,Kelly Davis,+1-519-327-9924,"9834 Amy Vista
North Christopher, IN 21326",johnstonkim@example.net
ed7feec4-599a-4659-89af-57845854f3e9,Lucas Nelson,687-502-7630,"9869 Garrison Ranch
Adamsfort, AZ 80236",hking@example.net
942f6bca-a70d-4a37-8d86-784cb3c685d2,Paul Fischer,+1-608-442-0375x3238,"USNV Ruiz
FPO AE 77663",jandrews@example.com
c12928c7-8d4c-416a-a813-f8d78ba6675a,Robert Rivera,001-570-755-6133x884,"71132 Marcia Locks Apt. 940
Rodriguezton, RI 99704",phillipskathleen@example.org
28b2609f-5c5f-40e0-b949-5d298be27451,Alexander Lara,220.663.4625,"126 Gabrielle Lights
South Carolynton, FL 48203",ashleyadams@example.org
328b60d9-1b08-4160-ba95-720b78e7c5ea,Ryan Mckinney,682-664-0762,"USCGC Murray
FPO AP 91718",michael99@example.net
344ade36-7d21-4c62-811d-96a241c3b62e,Kathy Garcia,001-876-370-0393x0424,"39661 Montes Skyway Apt. 659
New Sarachester, NH 71653",kelly47@example.com
07ba6ba9-0203-4c7c-82cc-a672508182df,Rodney Peterson,379-717-1031x783,"USNS Mcclure
FPO AP 84144",hmcneil@example.net
fd6219ff-01d2-4f3b-ba16-b167ab58d7b3,William Buck,(244)729-2380x626,"060 John Cape Apt. 006
Ashleymouth, TN 59395",warrenstephen@example.org
360f2e46-ae26-4de1-8428-f87342bf488a,Ashley Adams,404-636-4724x149,"866 Eileen Ridge
West Bill, DC 96493",jessica19@example.com
915a98f6-1270-4b33-b25a-2f2c1aa51c41,Larry Snyder,870.498.4834,"694 Mitchell Cliff
Port Aaron, PA 42401",humphreyaudrey@example.com
830fecef-950b-4c04-a022-d0111596ea4a,Charles Ferrell MD,2226763736,"7973 Eric Cape
Smithchester, NC 29558",gdonovan@example.org
1ca0ffd3-bfb4-4b71-9f5c-454ccf2e8bf6,Jack Gordon,001-332-272-4989x78579,"38903 Jason Avenue
Ashleyport, AR 19045",craneangela@example.com
a5ff0af9-16af-4c68-995c-88b8aa4318a9,Ashley Acosta,+1-260-760-2585x0108,"518 Richards Dam
Melissamouth, MA 47737",rebeccajones@example.org
ceec6b1d-920f-4d1a-88e3-8bcbb2656908,Andrew Lee,261.691.4310x374,"9513 Jesse Knoll
Masonmouth, MP 04137",jenna35@example.com
d089bd0c-5ad4-46e0-8db6-f36014e251c4,Cameron Smith,445-280-6452x931,"5287 Martin Rapids Suite 051
Port Richard, NM 62493",matthew34@example.org
30521787-a2e0-42d5-99a2-4c81136efd1b,Sandra Potts,001-499-875-8559x64010,"033 Antonio Spur Apt. 575
South Tamara, MI 36682",geoffrey91@example.com
9e923668-dbf6-452a-823c-d1ad13eaa605,Willie Gonzalez,605-752-9344,"Unit 8065 Box 6871
DPO AA 01544",tcortez@example.org
785bf91e-bdfd-4bc4-be64-e96059596436,Victoria Jenkins,(231)548-9459,"Unit 5062 Box 1505
DPO AA 64181",jamesamy@example.net
2ff0e463-e1dd-477e-8524-d275cb11de19,Amber Roberts,(825)595-5368x47424,"7040 Kurt Estates Suite 445
Daltonfurt, MO 17020",sean34@example.net
bcd34984-6231-4c7c-b525-b4f0577317f2,Amy Jones,+1-483-950-5710x7984,"68008 Vazquez Coves
Sandrabury, MP 23507",troy53@example.com
ca8044d4-7872-453f-802b-a12499bf47e6,Cynthia Taylor,001-285-292-8534x59069,"17208 Lopez Hollow
Brendafort, WY 40152",hernandeznicole@example.com
33070161-27f0-42e5-ba03-6a6cd8a929ff,Amy Henry,(754)672-5805,"13528 Brianna Estates Suite 280
Conradport, MT 42065",dthompson@example.org
59c2dcc2-80b5-479b-b4a2-e7834eb7b304,Barbara Phillips,248-370-1846,"350 Harrison Meadows Suite 271
Lake Juanburgh, VI 97697",stacey03@example.com
81ba1311-f709-4f1c-a003-546fd9edb164,Cameron Jenkins,285.855.0124x4228,"Unit 3575 Box 4408
DPO AP 51884",manncassandra@example.com
b66f31c7-cab3-49f4-9a74-bb1627e86bcb,Cindy Rodriguez,+1-810-323-9841x6763,"468 Samuel Walks Suite 712
Olsonmouth, FM 85820",harveychristopher@example.com
8a455c09-d1af-4040-8954-88c039f9e034,Nicholas Henderson,+1-480-863-2014,"38589 Jessica Gardens
Pedrostad, WI 93484",donald10@example.net
bb828db4-66b9-4c34-8e11-740f61cfdcdc,Lindsey Johnson,633.947.2984,"8725 Taylor Mission Suite 213
Tyronehaven, HI 78286",tommy84@example.org
79d1a860-01e3-4f6b-895f-ae8e54214967,Taylor Mitchell,346.411.8789x2593,"5621 Hill Passage
Melissaborough, IA 07941",jesusfoster@example.com
d0d659a5-c12c-4663-a702-4945c4f1820e,Erin Rose,408.751.5964x35997,"56037 Eric Harbors Suite 002
Briggsport, LA 54471",dianalopez@example.org
c68fe665-b815-45c5-bd34-1bc24e1cd1b3,Richard Smith,(630)786-9774x617,"515 Becker Prairie
North Sarah, AS 95633",lori45@example.org
d0a84541-1178-42e3-a618-171a59eb29ea,Jackson Wheeler,781.350.6153x47955,"056 Ramirez Valleys
West Morganberg, MI 84505",fbaker@example.net
9c758249-2681-4e1a-96bf-0233a925f51e,Laurie Mcguire,+1-999-979-9349x4059,"538 Lynn Mill Apt. 572
New Malik, VT 65609",mark71@example.com
f5c1f04e-49a4-4056-8404-6d93db056e22,Susan Holmes,001-460-945-6109x79513,"120 Dawn Mall
Brendanborough, DC 72695",terryanna@example.net
6182cebe-7ee4-43a4-aec8-1e77368f8446,Emily Gordon,(674)317-1952x861,"6444 Rachel View
Lake Margaretfurt, KY 69815",davidjames@example.org
65ddc65a-bc24-49a8-b121-f9d2ff99400c,Cory Boyd,001-959-681-3224x28137,"9277 Paul Rapid Suite 389
Harrisside, NM 25064",claireanderson@example.com
cb5ac73d-cb24-4e28-b6d1-fe9f2ca93a52,Daniel Wells,797.533.3506x29079,"056 Patricia Brooks
Nicholasbury, HI 28739",xpoole@example.org
e051ed8a-2384-4df8-a3e1-093d545835cb,Victoria Baldwin,(269)934-7685,"07253 Phillips Camp
Port Alanfurt, MT 32000",stacey72@example.net
eb529931-ce3f-4b96-8c35-e470762f1d67,James Good,001-987-542-9811x384,"Unit 1954 Box 1281
DPO AA 58130",krystal07@example.com
f7cd38c9-cd08-4f92-9f47-33398a694526,Michael Walker,001-495-865-1170x462,"88588 Jeffrey River
Lake Jennifer, MI 58028",stephaniefreeman@example.com
4356a2e8-d357-4c9e-a533-59b4709b5aa8,Paige Turner,(394)311-3626,"7890 Freeman Stream
Allenside, TN 58049",nperry@example.com
821caa20-08c2-4198-9958-defd0d892ecd,Jeffrey Morales,924.844.1930,"2266 Reynolds Mission
East Ronaldtown, PA 61589",carla97@example.net
160f28b8-ccd2-41f3-9d1c-171f19c11e78,Gerald Perez,566.710.8261x77033,"PSC 7836, Box 3499
APO AE 11591",baxterbrian@example.org
3ee2aebf-4a28-461e-a2ee-86088c9343af,Hunter Chapman,416.766.9716,"70897 Dylan Falls
Lake Bryan, SC 94377",sara23@example.com
a69af0c2-f726-4bba-8ba1-8464c55b956e,Michael Jones,6368936337,"623 Pruitt Ports Suite 401
Christinamouth, MH 45202",alexis38@example.com
75240afb-3654-4775-b9fe-57e1e7b5fdd8,Megan Morales,657.661.7288x7699,"9736 Nicole Parkway
East Heatherborough, CT 01909",nicholas76@example.net
5fdce5c6-2c53-4c88-9e29-64cdc37fe008,Robert Davis,(280)869-0890x863,"36219 Colton Fields Suite 462
Youngfurt, MO 84084",jill85@example.org
b615a330-0225-4b50-b018-f9ea0bb213ef,Denise Escobar,712.610.8096x2158,"81949 Elizabeth Hill
Walkerland, DC 72497",haley41@example.org
587b773f-bca5-4bef-a7fb-94fd6ca2801d,Carol Olson,(574)334-0748,"1888 Hopkins Haven Suite 674
New Melissastad, HI 27636",brookscory@example.com
2bfad1d1-1a7d-4c63-a8bd-4ff342c86947,Sherry Rivera,(631)756-0457x5873,"7855 Jesse Flat Suite 799
South Pamelafurt, NH 71083",shaun06@example.net
540cd53a-e189-4962-b041-3475774c838c,Jennifer Jones,(899)674-0971x090,"05444 Campbell Extensions Suite 557
Sheriside, IL 23651",kennedydenise@example.com
c4871122-f187-49b9-9370-697bf1528cf1,Brandy Young,6289970137,"USS Perry
FPO AP 62453",timothy20@example.com
d382400b-000e-49bd-af0a-260b8a54ab09,Alicia Barrett,2003378621,"4203 Sanders Drives
New Sharon, WA 28274",jshields@example.com
520c9f5b-ca2d-4a1e-807c-d362fa803667,Brandon Wright,8617047339,"01640 Zavala Vista Apt. 651
Porterland, CA 75673",iholloway@example.net
4c201ed3-1dc4-4992-96d6-dc6e84af1421,Samantha Nelson,830-857-3668x04377,"267 Nelson Fields
Kempview, ME 76039",ahuynh@example.org
04e25c7b-81d2-413f-8483-c6a54fb84dab,Christopher Anderson,6412486371,"811 Heath Springs Apt. 525
Brianborough, CO 16091",barronharold@example.net
a0f3df46-948a-4c64-990c-8c20059226dc,Denise Carey,985.520.0680x33697,"0198 Larson Springs Apt. 839
East Thomasview, CA 70856",wwilliams@example.com
37882e92-b389-41a9-9f06-ad36dd6f61c3,Thomas Moses,(583)470-9595x1066,"69635 Wise Spur
Lake April, IL 19618",qchen@example.net
a1ab0d9f-2af9-454b-a7b5-84df67e20f3c,Melanie Harrison,(705)870-1204x17462,"5264 Blackburn Camp Apt. 965
West Susanburgh, CT 85489",whitescott@example.net
45533bd4-6ed0-4bf4-a492-57d61a343d90,Brian Blanchard,208.546.3804x56674,"8315 Richard Mews Suite 940
Lake Jessica, AL 52506",nhuynh@example.com
29bc0fa7-8a9c-4cbc-89cd-c9206842d32d,Thomas Hernandez,(664)535-2433,"62124 Moore Causeway Apt. 461
Lake Sarahstad, AZ 69133",johnsonnicholas@example.net
8b941f0d-3923-4de0-9c63-59161f0b17a9,Raymond Mckinney,(903)563-1605,"798 Scott Lodge
East Cassandrafurt, WI 70695",jrobinson@example.net
37eb9188-db98-4012-83cb-5d5887c791a8,Corey Chambers,887.729.4117,"372 Tami Circles
New Heather, MD 88002",ycain@example.net
e236354c-7996-46f1-a45a-98a35cd4a985,Sharon Mccoy,969-230-5630,"84852 Amber Court Apt. 346
Wallville, PA 47755",nanderson@example.com
28ddd1b7-a1ac-4b32-b621-e7658fc58b81,Richard Horn,806.744.3740x5327,"071 Samuel Inlet Apt. 850
Port Kathleenberg, WA 51266",angela29@example.org
fb25f63e-fb7d-4fde-a8c4-7a62a00f1ee3,William Higgins,(594)864-9300x25591,"2191 Jeffrey Wells Apt. 165
Meganport, MN 84438",andrewyoung@example.net
c0bab0f8-8a2d-4dbc-b92c-0dfcc6e8725a,Johnny Walker,331-589-5137,"18964 Russell Fall
Bryanville, KS 05037",jacobshaffer@example.net
47ea75ee-a9d6-4290-9afa-2e93d8f989de,Kristina Scott,869-217-6996x06753,"9205 Robertson Mills Suite 082
South Devon, WY 86038",ryanbooker@example.com
64ae4ea0-418c-439f-985c-0038b6d74a72,Steven Rivers MD,2318933016,"97735 Shelby Mall Suite 151
Lake Ryan, PR 09000",simsnicole@example.com
a3b89d22-24fb-4018-a7e0-c2dfd356dbde,Kelly Jones,511.538.8047x62021,"05154 Hicks Mission
Angelaberg, TX 70189",udiaz@example.com
9ca71134-ad95-4dc1-8bca-2f0f4696b1f7,Victoria Adkins,265-984-9197x8476,"5662 Dustin Stravenue
North Jason, KY 13120",sarah98@example.com
e0a09df4-822b-4493-b034-56c37995a544,Joseph Marshall,(898)400-7075x3426,"Unit 9864 Box 1703
DPO AA 77546",smurphy@example.com
d9542053-6150-484c-aa66-290096d80c9e,Cynthia Brown,325-488-6960x7154,"22880 Thompson Locks Apt. 266
Port Kathyborough, NH 52372",nolanjoanna@example.com
c615b5b8-2b69-4726-8a66-9769c08b9d1f,Evan Bowman,469.465.6372x276,"633 William Cape Apt. 635
East Leslie, CT 73851",aprilscott@example.org
96eab2b6-9175-4125-a840-c9859e836e3d,Jonathan White,(619)638-1428,"8821 Porter Station
Sherihaven, CO 23755",frazierangela@example.com
1cbb1315-4836-40c8-9ce2-0b1d59877806,Stacey Ellison,001-413-462-5582x222,"981 Jenkins Square Suite 135
East Brianton, VA 81074",qlewis@example.org
f35f4290-d3da-4289-8124-f8a8660a8aeb,Austin Carroll,+1-966-578-6235x2967,"22063 Marie Flats
Alvarezville, OH 47768",timtaylor@example.com
7b189559-8598-4563-8e51-19f9accdaa61,Kelli Moyer,486-872-8925x9181,"190 Stephanie Cape Suite 473
North Allen, NC 99012",sgregory@example.net
b23bb115-8c9d-498a-846d-62628ad2bfdf,James Payne III,414.505.1788x916,"14255 Mclean Lights Suite 834
New Barbara, AL 34529",cassandraturner@example.org
5a658335-5310-46f2-93ce-fcbc993f45dd,Brianna Kane,001-300-786-3915,"728 Price Drive
West Belinda, NC 67751",ccampbell@example.com
3a25497a-f300-49be-b27a-fafde3e757dc,Philip Noble,838-342-7592x012,"34100 Bush Crest
East Thomas, AS 77239",raymondgarcia@example.org
cc0521ad-54ca-401d-b629-8088fab713cb,Kathryn Barnes,(258)950-4901,"3080 Sally Street Apt. 062
West Elizabethburgh, RI 37038",arthur39@example.net
bdb4fc7e-c6e0-4ae9-8c82-886ef9883014,Rebecca Freeman,947-689-2665x76640,"7951 Campbell Cove
Parkerview, AL 42743",lhickman@example.org
0add1f4c-9d80-4f7e-8c0f-4605119042d8,Jade Carlson,377-237-5424x958,"44135 Horn Meadow
South Robert, ME 69020",bankstonya@example.com
8dc18091-04ed-48fc-ac1b-b823a8518d86,Michael Lawson,996-736-2398x53168,"11211 Martin Highway
Aliciaview, RI 41537",ikhan@example.com
14bc18be-3a78-40f5-bafe-7ebfde41e4b0,Leslie Moore,389.628.8949x22561,"00506 Michele Radial Apt. 275
North Ericshire, AK 07021",jordanbryant@example.org
f0dd192c-9f09-47bd-9a78-e4dad38df3c2,Angela Lopez,774-589-4395x5267,"7643 Kerri Garden Suite 136
East Benjaminberg, KS 18958",kmartinez@example.com
c136d036-cb3a-4bf8-9218-26e36eda313a,Shannon Lambert,001-600-349-5096x59089,"512 Sean Skyway
South Karen, NH 15680",hamptonchristopher@example.net
6fe70391-039f-406f-9bf9-219cad716b25,Ryan Fisher,(729)363-8290x8075,"69690 Banks Port Suite 236
Daniellefurt, KY 47519",donnajohnson@example.net
83d56c02-7f64-482e-b5dd-d59dbd97d0d8,Shane Miller,889.955.7073,"3857 Megan Orchard Suite 656
West Michelleside, VI 73169",alvarezlisa@example.org
3f894f1d-10c6-418d-b9a4-84d092e60b5e,Robert Harris,641-983-0741x883,"531 Brandy Tunnel
Lake Michelle, AR 32041",vbrown@example.org
f839abd7-6f60-49c7-ae09-a75ce28b5be8,Charles Barrett,836.418.7931,"7792 Villegas Gardens Apt. 157
Port Harry, TX 59985",lisa66@example.net
0f414414-be6b-4025-a718-591467567780,Sandra Thomas,(733)873-9168,"2311 Thomas Throughway Apt. 960
North Meghanport, MO 21698",wblankenship@example.net
81233795-de85-4711-bec2-8ac50f4fc41c,Jennifer Nolan,(920)829-1381x5862,"647 Pennington Courts Suite 049
Valdezbury, CT 37806",grobinson@example.org
c46871e0-4f77-4a6e-b791-004459119f1e,Jonathan King,(419)540-6568x627,"37303 Ruth Pass Apt. 258
South Kathleen, CO 90881",colleen05@example.com
7e135459-e565-4732-8d09-13d11ef6628e,Amy Jones,001-485-201-3939,"99235 Price Fort
Port Jessicafort, TX 54115",mcguiremichael@example.net
d9e9dee2-d2ce-43d9-9ea6-27868cfe3f30,Heather Hoffman,+1-354-473-1801x88842,"PSC 1208, Box 9219
APO AP 81324",operez@example.net
9014f7ca-bc1d-41d0-ba3d-01b87447cae1,Thomas Navarro,504-294-6879,"368 Jordan Forge
Douglaston, CA 58503",greenanthony@example.com
164f2906-a39d-49fb-a995-c44f63664d47,Patricia Turner,(776)757-7875x72153,"009 Wright Vista Suite 263
Curtisville, WI 78352",teresahamilton@example.com
b111b5a4-8cbd-411a-a6bb-85fd3eff39fc,Maria Gordon,+1-386-395-8753x58348,"9391 Amy Ports Apt. 752
Blakestad, AS 97584",estradarichard@example.com
c1da12de-dfb6-48e0-9361-78efb08b228b,Joshua Reed,675.259.0184x08297,"Unit 6419 Box 2702
DPO AE 02180",xjackson@example.org
57e72904-27ca-4521-bfc1-c5c21ebbbd24,Andrew Collins,001-628-464-9811x99808,"862 Oliver Lane
Robertside, TX 96025",michaelprice@example.net
f2e411c8-9f27-4260-abfe-da744b89341b,Lisa Wong,352.246.0371,"263 Nancy View Suite 803
Rebeccamouth, SD 11796",kathryn27@example.com
65e71939-d012-488b-a5f4-9c6c414803b3,James Murphy,5879361786,"02942 Rhodes Rue
South Josephtown, KS 55833",michaelmiller@example.org
00b10853-0107-491b-aa8b-21824fa55760,Tracy Cruz,(830)944-3191x2188,"870 Sara Mission
South John, OK 78465",samanthaprice@example.org
0344599d-98d6-4c0f-90eb-dae700a254f4,Gloria Ross,(346)413-5329x21596,"3798 Ponce Lane
Alexandriachester, WI 34168",erica35@example.org
72896220-f587-4a32-970a-82c4f0ba05a8,Joy Joyce,210-828-0655x682,"PSC 7030, Box 4972
APO AE 59879",richardmorton@example.org
01494297-461e-4cc5-b9c7-40b90164fc34,Stephen Todd,+1-244-930-1056x209,"81331 Emily Dam
North Anna, CO 64614",benjaminkennedy@example.com
f2f231b2-e3bb-4cab-9def-a4ba37127d7e,Tyler Pennington,893.666.5636x668,"759 Aaron Forks Suite 102
North Linda, IA 17097",austin59@example.net
c8833458-8230-428e-8971-98c77dfd19d0,Adrienne Barry,(419)357-1088x42326,"358 Thomas Junction Suite 974
West Tiffany, NM 42231",brewermariah@example.net
e3641b64-0190-4ea9-a656-b5dbc6267d86,Lisa Barnes,+1-943-946-7978,"873 Sandra Skyway Apt. 094
Leehaven, NV 29208",mkelly@example.org
9e46de8c-25fc-48d9-bfe7-186a171ca10f,Robert Reyes,678-290-4359,"6602 Novak Heights
New Johnfort, PR 46632",christopherwilson@example.com
c5872707-63a6-4d00-b41d-15d819e2af34,Ebony Robinson,829-889-1560,"8566 Schmitt Knolls
Tammyside, KS 95377",murrayaaron@example.net
fb038c78-0be1-498d-801d-fa2d2a60184f,Brenda Rodriguez,001-298-556-5915x88660,"6697 Rebecca Falls
Simsberg, LA 22112",john27@example.com
fa4a3771-7d9a-4d99-86fa-c776e87c8cf8,Keith Barton,001-624-753-5523,"4592 Jill Underpass
Port Jefferymouth, GA 30702",raylinda@example.net
d04275e2-3ee7-4288-9809-5b8a78bbcf16,Alan Mitchell Jr.,(780)219-5022x91933,"39886 Freeman Trafficway
Port Dalefurt, VT 88351",vsmith@example.com
4d89c03a-653c-4758-9d76-354459e49973,Catherine York,+1-443-336-4257x3266,"7698 Erica Springs Suite 197
Martinborough, OH 78855",kyle12@example.com
5eb49bd9-7cc5-4f7f-98c7-c08feec4e44f,Daniel Gross,(621)408-1743,"937 Macdonald Landing
Perezborough, IL 70111",carolyncompton@example.com
f8ae9588-caa0-4a03-8a39-313a5bf9d356,Kathryn Phillips,2153806996,"979 Mendoza Plain Apt. 227
Port Wyatt, AR 19296",david14@example.com
f30445df-bc9c-48e7-8c8a-2e0b691c0974,Curtis Page,001-878-275-7164x7122,"22835 Brandon Rest Apt. 059
Wilsonmouth, MI 40266",martinsusan@example.net
c70f9ef5-900f-4520-9252-5b7922e14d26,Angela Mills,+1-573-546-0178x2385,"1937 Smith Brooks Suite 843
Graybury, TX 17022",melissaharris@example.org
bca80dfa-57e0-400e-ab33-9c43126590ef,Evan Porter,700.475.5043,"Unit 1788 Box 5245
DPO AP 38145",jaimereed@example.com
07d435f1-9d3e-4068-82bf-894778c33a1d,Brandon Mitchell,886.615.3924x02288,"872 King Shoals Suite 910
New Josephchester, AL 11519",ashley23@example.net
78c9b35e-c23a-435c-b0a8-1962ddad165d,Teresa Roach,(238)418-1089,"99919 Valencia Shores Apt. 423
Nicholasborough, NE 06855",wuandrew@example.org
783e99bc-ed3c-4fd1-9457-c228f7f57c8e,William Bailey,727-561-6172x638,"0960 Patricia Circles
New Vanessa, KS 85942",cperkins@example.org
862c84a5-3cf2-4da2-8efb-c22b6ba278f8,Michael Jones,670.330.2832,"92877 Anthony Forges Suite 968
Port Elizabethchester, GU 96174",mary44@example.com
d687b107-2ef2-4d58-b269-f5f2054e5ddc,Justin Barker MD,(759)979-4907,"859 Jennifer Glens Suite 206
Katherineport, FL 46137",tony28@example.com
c0043a52-114e-4579-be52-cf477adfb9fd,Bruce Hicks,514-819-3550,"9463 Solomon Fields Suite 374
East Savannahhaven, AS 42260",gordonanthony@example.com
1617b871-97f6-4da9-b148-ca859829ece1,Michael Moore,271-778-0274x44366,"72472 Christopher Throughway Apt. 083
Nicoleton, TX 65625",ccarr@example.com
9c58443e-e55e-4fb6-840f-4531b4e1e57e,Anita Richardson,+1-593-799-7556x20351,"615 Williams Stream Apt. 292
Douglasfurt, CO 37008",qbrennan@example.org
f5eb0708-e6a0-4db5-a6e6-d0b0d0e60826,Samantha Martinez,(506)462-2759x825,"831 Meyer Divide Apt. 454
Wileyville, ID 56277",michael64@example.net
5ef75f33-fe71-481f-8709-53d796f1f179,Michael Perez,+1-325-993-0967,"379 Bean Shoal Apt. 930
East Maria, SD 12686",clarkclayton@example.com
4b131291-222a-4fa5-845b-caef65db9a3e,Anne Murphy,8167180352,"91244 Ortiz Inlet Apt. 302
New Jeremiahmouth, AR 59701",joshuawong@example.com
18c3b466-1455-4042-b8fe-15ea3860db9e,John Li,001-656-705-7981,"1915 Cervantes Dale Apt. 667
Lake Jean, PA 75988",alan98@example.net
2e3ef73f-9d22-4efd-a3ba-d86d2a312a5f,Brooke Stewart,(791)538-8008x09707,"6463 Shannon Wells
East Kennethfort, IL 85515",nathan69@example.net
fc03792c-39b2-4fbb-b4f2-eb8cb0e9881e,Timothy Jordan,+1-381-310-2744x143,"0855 Clark Wells Apt. 613
West Melvinbury, NM 71464",cwilson@example.com
d92c7128-50e0-40c9-a148-ff1695b08fd2,Diana Wong,689.979.1292x956,"5841 Harris Shoals Apt. 197
Townsendstad, NJ 08193",robinsonhaley@example.net
b8082c34-3fe8-45c4-80e2-91fe05e26067,Hannah Brooks,597-739-6266x358,"3450 Griffith Squares
Leeville, OK 26498",robert62@example.net
d4683397-f97b-450a-a8a1-46da2dd0f361,James Young,(596)628-3580x166,"2878 Sanchez Loaf
Hardintown, MS 11067",friedmanmichele@example.com
7e9521f5-251f-4535-a270-a218df80c441,Angela Vang,+1-916-668-7476x44991,"Unit 7036 Box 2496
DPO AP 26726",thompsonjames@example.com
9adf8589-cd02-47b8-953d-44e80fd2de0c,David Liu,524-555-2950x779,"2246 Michael Plain Suite 940
Johnview, NM 14085",joelharmon@example.com
118e9ca1-2023-4f8d-bd55-7cd0a1d5214a,Emma Brown,(368)404-2429,"88297 Jerry Ports
New Paigefurt, CO 46641",edward06@example.org
4ac3b165-0178-477a-9c3a-101042981fef,Don Harris,001-401-321-7145x70687,"1818 Nguyen Fields Apt. 383
East Valerieberg, DC 06775",cervanteskeith@example.org
45a033d9-471b-4c28-8e75-5e657a66eb02,Darryl Koch,001-249-361-1678x96633,"47494 Lawrence Inlet
New Jasmine, MN 48023",bennettbryan@example.net
40daaee1-caf8-46ac-bdde-28bc8a2d59cf,Rita Howell,(413)421-5681x10574,"3984 Nicole Squares
East Brittany, NV 72040",lawrencetammy@example.com
38cfc75f-8faf-4151-a042-5dbb7160a219,Charles Luna,+1-635-894-3102x003,"3802 Heather Garden Apt. 546
South Randyshire, MD 50060",dalton40@example.net
967bfc5a-8506-43ba-bafd-07b56f8935fc,James King,429-569-5542,"39630 Lane Cliff
East Teresaland, NM 90971",tommy47@example.org
5379038a-e429-4e54-bd10-a73d1852ee3a,Henry Solis,(954)398-5482,"961 Luna Mission
Mcclainville, UT 89739",kylecontreras@example.net
e1560acc-1e53-4df3-8b6b-6f28d8b59e2f,Brandon Butler,280-315-6154x08764,"8876 Jacobs Light Suite 157
Lake Meganberg, NM 65810",carlastanton@example.net
33415e1c-592a-435d-a5d2-69679ef3fa14,Paul Valenzuela,(536)298-7750x99364,"9158 Mariah Highway
Simpsonhaven, PA 45469",caleb31@example.net
6b7ecd0b-1e67-4207-86e7-ce93b620ff99,Kaitlyn Watson,592.900.9592,"082 Benitez Stravenue
Mossland, FL 02902",rmack@example.com
25d29338-c5a3-494b-ac33-a71063b4da02,Peter Ford,845.573.2736,"435 Willis Light
Perezview, AL 49896",awilliams@example.com
b36f4245-81e1-4ea1-8866-46a9049d0acb,Ricardo Padilla,001-596-245-5160x75225,"142 Silva Harbors Suite 833
Buchananland, HI 12579",djackson@example.org
66865f7c-b354-487e-92c1-d453543fe7e1,Eric Gardner,001-683-636-7255x03214,"6320 Kevin Mission
East Sean, ND 18549",william60@example.org
9770866d-1371-4977-9612-0a4fd1c9027e,Andrew Edwards,(314)348-2151x88125,"3292 Michael Center
Lake Josephtown, DE 89485",stanleykevin@example.com
e47d8967-4727-4b80-8431-d1afb8eefb29,Cassandra Le,478.715.8730x227,"6702 Lam Square
Lake Amberborough, MS 93682",sandra74@example.org
97702e73-ddf8-4883-92d1-cd09e2ef5ea7,Ellen Erickson,830-891-9323x87416,"4248 Parrish Fords Apt. 451
Piercefort, CA 75414",ysimpson@example.net
10ff7430-eb21-4a5b-b325-83876cc85739,Mary Gomez,678.413.8422,"4269 Prince Streets
South Dianemouth, ME 34115",michael49@example.com
a33295aa-5b99-439c-8179-77b4d9d1d827,Amy Hodge,001-434-922-8574,"666 Watson Shoal
West Tinamouth, VT 98236",opowell@example.com
3c0383a8-6995-4c67-b6aa-1082dd1ebacf,Andrea Robinson,(722)669-8131x938,"0589 Latoya Radial
Alvarezmouth, ME 52943",inelson@example.org
d3201906-6c34-4cf5-8961-0119a13b6f88,Ana Gomez,001-241-573-8190,"0204 Taylor Burg Suite 111
Danielberg, FM 88718",megan17@example.net
f05fb8cf-798d-4791-9c99-fdb933da3b72,Brent Williams,001-441-896-7312x06187,"0116 Christina Freeway Suite 551
Danielberg, TX 94508",mbrown@example.net
10ca1dd2-7806-44f2-a011-68b06761c444,Larry Sanders,(405)558-4050x1988,"9798 Julie Drive
Lake Helen, NM 21364",sabrina31@example.com
e8c6998a-5fc5-4a52-b86c-82c8510fb03b,Travis Berry,742-572-6212x854,"08639 Tracy Ports
Jaredshire, OR 75507",christopher41@example.org
f33dd116-46d2-428f-a7ab-a11b91aacfd0,Steven Gomez,894.791.1451,"65710 Mitchell Highway Suite 514
North Michaelbury, OH 64708",kayla72@example.net
3cc90bb0-e0de-4c25-b440-0007e2bcfbfa,Linda Davis,(835)630-2337x3632,"Unit 2053 Box 3698
DPO AE 62405",bryansullivan@example.net
1c32b42c-27ea-4994-ade8-09aecece449f,Vickie Duffy,+1-583-607-9045x70829,"87095 Lane Village
New Jessica, CO 88060",summerskendra@example.com
402a6795-fdc6-482e-8997-50aac9344d2d,Christopher Willis,001-507-865-3225,"22838 Danielle Forest
Edwardsborough, WY 32082",jeremy29@example.org
ede280a0-06e8-4912-a8a8-e9b3693cc461,Natalie Robinson,(711)253-4756x6778,"507 Christopher Centers
Port Anthony, MD 60548",jeremy13@example.com
efa74ce7-a538-49fd-8a4b-4d2729fafd75,Jessica Mills,(466)892-5260,"6425 Melissa Walks Suite 761
Port Davidburgh, NV 55339",cscott@example.net
2af6c69b-fa38-4cb1-9f3c-53557681e84f,Kelly Palmer,986.436.1867,"66959 Lucero Fields
Brendanberg, NE 42571",dconley@example.org
f4741eff-a843-4c67-9d77-efffc05c137e,Danielle Barker,975-933-4307,"599 Joshua Freeway
Lake Mackenzieview, KY 24476",miranda80@example.org
7d028769-0a21-490c-a0d5-dff3731ac20d,Charles Jones,(359)248-5882x9488,"06261 Williams Brook Suite 926
New Nicolebury, MA 23268",courtneyroberts@example.com
cd47e683-a122-4dab-b02d-54edcf1aae17,Steven Adkins,(343)733-9714,"379 Ellis Trail
Wilcoxbury, MA 18715",nathan11@example.net
9979911d-8a18-47eb-bd70-d61ac9929962,Marvin Robles,616.361.4670x19877,"Unit 2447 Box 1707
DPO AA 24334",brian64@example.org
23e62de4-be30-4f92-8530-bb0885f7daae,Carol Bryant,306.358.0556x313,"507 Welch Light
Bryantchester, GU 15400",corey48@example.org
c42f15a7-528c-4820-b65a-c32fb4e71422,Mr. Michael Smith DVM,001-498-483-6344x207,"44371 Soto Camp
North Davidview, TN 89598",peter61@example.net
0b3d15e6-d6ce-4650-aee6-4ffe826b4918,Martin Greene,230.475.7843,"883 Chandler Port
South Timothy, DE 84315",lblake@example.com
8ae4e94d-7ff6-4adc-b0b0-b06d0d364dda,Larry Carter,498-447-9262x297,"846 Stein Harbors
Lake Leslie, WI 02665",william95@example.org
0bcffdd4-909d-4ff4-848c-1c601c9267ff,Andrew White,776-298-0644x560,"249 Brenda Junctions
Lake Daniel, OK 63381",jenniferlopez@example.org
79750b66-b1ed-4aa7-977d-3c9a518dc408,Alexander Schwartz,(367)412-6783,"Unit 4369 Box 2318
DPO AA 42336",angelicarandall@example.org
3a9b1241-c2bb-4545-bbd5-2e1bd67b456b,William Marks,8528561263,"742 Gill Summit Suite 634
Kristinshire, MS 78691",wardmaria@example.com
bfc05108-edf5-4240-b6bb-08e514cf0986,Lori Smith,(750)972-8688,"789 Cherry Pike
Helenburgh, MN 88255",cassandrapeterson@example.com
fff2ee03-ad8c-42c6-ac0b-6225fee74ac8,Emily Smith,664.294.4918x501,"85877 Mullen Lane Suite 221
Mcbrideshire, FL 55731",lewisleslie@example.com
b3ebdea7-67fc-47d2-a966-a4cd95ed4d43,Travis Branch,001-268-850-1544,"70871 Nichols Valley Suite 749
Lake Donaldmouth, CT 77993",chandlermegan@example.net
7562b350-590d-43c7-b904-8fe0a7ae8438,Kenneth Turner,+1-338-833-8551x9614,"979 Strickland Path
Danielsmouth, FL 51829",patricia83@example.com
6814db4e-4050-4ccb-a902-bf4bdf98e68b,James Nguyen,+1-746-836-2346x82021,"92444 Lawrence Bypass
North Taylor, VA 23695",ortizmarc@example.com
943bac71-c138-4243-a6fd-a9b00c772caa,William Marshall,(752)801-0944,"PSC 5524, Box 8054
APO AP 96105",allensophia@example.net
e806614e-a621-42cf-8fc7-5477c4527b08,Jill Tucker,888.899.9100x850,"59382 Stephen Overpass
West Jessicashire, MN 60839",esanchez@example.net
622a7b6c-8953-4501-a399-97da9e702062,Melissa Huff,516.777.1268,"PSC 4553, Box 8069
APO AP 31058",xpena@example.org
4782000b-767e-4c9c-9e1c-1b63abe980c7,Laura Maxwell,806.980.2515x4157,"Unit 3094 Box 4008
DPO AP 01045",nross@example.com
30803997-06a5-436f-9702-c942e5dfaa8e,Kathleen Mills,001-605-952-7899x8808,"4963 Vazquez Lodge
Scottchester, NY 81865",tinabrown@example.org
b73dc214-6a3b-45e7-87e4-f4fff3c16227,Tracy Hoover,7384242066,"278 Tammy Track
West Melissahaven, MH 48676",fspencer@example.net
3890356a-267f-4e4b-a2cc-d4a5becd17c6,Alan Mccarthy,265-450-1363,"06441 Emily Shores Apt. 906
Wheelerton, WV 71457",daniellemarsh@example.org
0c8fe532-025f-40aa-bbc7-25e18ffd5bf1,Sydney Calhoun,842-666-4932,"233 Autumn Roads Apt. 796
Acostaton, MH 18566",jonathanmcconnell@example.net
306bc0a5-dd92-462a-8413-036193f60d96,Latoya Allison,7454002305,"943 Richard Terrace
East Christopherburgh, OR 61420",waltersmichelle@example.com
a459f620-ddf5-4c06-bc8e-f764e1a81a61,Kayla Johnson,001-260-968-0505x56004,"493 Brian Circle
Janettown, PW 92766",mark11@example.com
29736365-4135-42b5-92c8-201ebf20efab,Robert Wood,283-970-1435,"3776 Jason Key Suite 386
West Andreahaven, ND 17380",ricejames@example.net
c65add2c-9c4c-40e9-83de-3046b32da598,Brandon Harris,300-479-2562,"4821 Pamela Plains
Hallview, ND 41527",billy55@example.net
102d40c6-cc1a-4f92-b41f-2d9509b1c735,Kathleen Wilson,+1-627-630-3135,"12886 Kimberly Islands Apt. 509
New Traceyview, TN 03602",johnsontheresa@example.org
d4fa2813-2b43-4c8f-b1d9-5d687beeb80f,Alexis Castro,(311)268-1424,"23092 Michael Port
Thompsonmouth, KY 37820",chavezphilip@example.net
7d04471b-d5c8-449c-98cb-1385f9deb790,David Hernandez,279-259-4488x467,"Unit 6652 Box 5695
DPO AA 34604",pennywoods@example.net
68af7a62-c66f-4fc1-8f00-1155ada2d952,Brooke Park,001-667-344-8022,"387 Erin Curve Suite 830
Lake Hannahborough, ME 32807",patricia17@example.org
377454d8-c3d5-4460-8575-c0ecfb4fb032,Donna Sutton,808.990.7405,"27963 Brewer Avenue Apt. 270
Rebeccatown, ME 53475",john79@example.net
b78cc2a0-336a-466f-beb7-62babdef9525,Alyssa Berry,917-633-9462x12476,"8294 Phillip Port
Ramosland, ND 11831",claytonangela@example.com
4a965e1f-9f74-4c17-8bf3-d99a226783b4,Terry Ryan,3906261714,"96513 Alvin Center Apt. 360
Vanessaland, OR 68958",krodriguez@example.com
68f2f58b-0efd-4f61-a7b5-9d0cc61e156b,Matthew Mccoy,385-845-0749x89639,"329 Harris Road
Port Ann, KY 17769",montessamantha@example.com
3f3c3554-440e-4129-ad57-816ff594262a,Patrick Scott,001-940-770-6836x39810,"177 George Flat
Jackieport, UT 62834",ryanrhodes@example.net
9e1df67c-a347-4c3f-a37c-4fc47ea3c0f7,Cody Orozco,977.382.0860x651,"324 Pearson Village Suite 009
Rossbury, AK 93936",vhawkins@example.org
5fff5b02-8c6f-4acd-be11-9a41204de986,Erin Jones,792-315-5122,"1639 Frank Island
Maryshire, NM 89590",ruizcynthia@example.org
55be565e-6c60-4860-a3a9-ea9fe0954953,Gregory Murray,001-489-593-4362,"49708 Barry Isle Suite 119
Collinton, SC 16243",rebeccalam@example.net
6739dffd-0ad8-4a9f-9a25-7bccf264079e,Carlos Gray,343.768.2092,"9785 Susan Circles
Port Stacy, AR 58947",bgonzalez@example.net
616c92b4-d7c3-47fa-adbe-8118e039b65c,Kara Wheeler,001-426-868-6728x900,"7062 Jeff Walks
Autumnbury, PW 01982",marywhite@example.org
9bb7bc5d-55ea-46a8-a50a-8f3839db013c,Ricardo Jones,498.610.3655x344,"267 Rivera Wall
Danielfort, UT 86156",gpotts@example.org
ceef89b8-563e-4a7b-b070-ca83e3f84501,Regina Smith,+1-673-989-2466,"010 Natalie Stravenue Apt. 268
Schmidtborough, OK 22787",kimmary@example.com
