Fraud Alert ID,Suspicious Transaction ID,Alert Date,Alert Type,Alert Description
76ad4940-de23-4b88-958f-0b3668dd867b,5a30c17e-0e6b-4d3c-8306-a48a789346a5,2023-04-26 00:18:17,Suspicious Activity,Democrat organization prevent lawyer southern enough.
80806d31-e64f-4526-bf76-85103d75ace2,a1cb47eb-e002-46b5-a96f-c1ad7932474e,2023-07-22 20:27:05,Suspicious Activity,Most feel certain think police.
3575eaf3-d588-420f-a895-dfbec6408c60,90c064b4-b8e0-4db6-a09f-e2436d5dfa59,2023-04-29 10:48:41,Suspicious Activity,However speech experience offer everybody shake pattern.
db023b5b-4b61-4ee7-ae80-95bebbe01571,1971d041-b046-41fa-8f09-dcb20ca12458,2023-01-18 20:15:16,Suspicious Activity,Quite price girl beautiful simple talk president.
1655f20e-701d-4fdf-a582-034febfd89cf,ec9f99d9-c34c-482f-8429-668ded3885a9,2023-03-03 03:33:13,Suspicious Activity,Politics return around finish close.
310af9e0-f5d7-424c-b568-6c31abb21607,62b6c9f6-3ea2-4a72-ad5b-76f13bdf0593,2023-08-21 01:21:14,Suspicious Activity,Safe company high society east production.
457bbbd3-439c-4965-97c2-7302b1bdb8bf,0f648dfe-1158-4aa9-af54-403cf221a4f8,2023-07-03 10:01:07,Suspicious Activity,Receive account guess late.
2c9af684-d805-4a7a-adf4-d145ad21a8dd,6d4daae5-096c-4cbe-b67c-fbe935fc23b6,2023-07-05 08:47:33,Suspicious Activity,Energy single admit must.
b2f3e367-86fd-4e05-ad1a-53b145880ef7,7d566d7d-1fca-4ae8-b95b-81e03decb9d9,2023-05-24 15:24:27,Suspicious Activity,Teach hair allow him center throw.
68650284-c760-4f7e-98a7-72dc327afbaa,3692f749-471e-4985-8395-22f891239df5,2023-01-13 08:06:44,Suspicious Activity,Letter smile happy everything.
3b3df3e7-e1d2-4181-84d8-2d06464848d6,1f1d6a91-01a8-434b-8cc5-4d1a18e64c21,2023-01-18 08:30:59,Suspicious Activity,Nearly statement available huge follow manager education interesting.
c19247a4-8c40-4e1a-93ea-03ab641b664c,e9c63a30-e1d5-4586-81be-2043bd5f5858,2023-07-17 03:59:30,Suspicious Activity,Financial government suddenly.
3fdb3428-20b8-47e3-bbda-b07367b7627b,81162ae9-89f8-40f5-b385-3b413c746ed6,2023-02-25 19:19:16,Chargeback,Feeling rich class may inside call.
63b2b7d2-b18c-4478-ae08-ec7a0beb985b,c7ea1010-9ac2-45d0-a755-63c335223d4a,2023-04-22 12:31:26,Suspicious Activity,Television represent summer care religious human able career.
59109626-7f41-48a7-988d-cc3d07f6b97f,685f398c-d739-4526-a986-331ed554cd91,2023-06-29 21:51:38,Chargeback,Minute reflect road blue past leg along.
f34213c2-3d92-49f3-8e9a-a242fbf88ebb,c2d6e944-afa5-449c-9870-b91ca403d3c3,2023-04-03 12:49:11,Suspicious Activity,Edge listen site radio.
8bc58cd6-dc37-405d-9b9f-6f7fcfc7b76d,7ce7fec9-034a-4a7a-a1e8-695dee097adf,2023-03-04 18:39:43,Chargeback,Accept their pressure field crime them.
a51e1ccd-4a1b-45a5-a8e5-ee9b179fbfc0,47839400-7982-411c-b682-a26bfb0c33dd,2023-05-29 05:21:46,Chargeback,Simply focus nothing step memory look theory.
4ffe72f3-c5f0-4527-a301-5f1f1198eb04,d1ebfed1-424a-4714-9028-7907ca747cdf,2023-04-16 09:50:14,Suspicious Activity,Avoid customer show without trouble style.
9857ba3e-bba6-43df-8446-8440ba60aef4,02e06f00-4fa4-4c9d-8c44-7ce180503175,2023-08-11 20:33:45,Suspicious Activity,Stage recognize small investment society half.
4597c269-e510-41bc-915c-9d33488722b9,90c064b4-b8e0-4db6-a09f-e2436d5dfa59,2023-06-11 09:44:25,Suspicious Activity,Interesting government though government.
abfbeeb8-d0b5-4458-b249-074abe5ec724,c437d1d7-75e3-47fd-8460-e5d72fb14510,2023-01-21 17:21:53,Chargeback,Maybe strategy better.
c8ccc727-ffae-414f-9550-15c9290a4086,2f78ef6a-4677-43e7-b794-e59f89d91bbf,2023-06-01 12:12:19,Suspicious Activity,Son determine cost listen head ok tonight.
6d136823-f469-4118-a2d0-b719f6b084dd,8cb06049-d9db-4d0a-9321-f46c15409b38,2023-06-04 17:26:48,Suspicious Activity,Major body cold today often bring.
e7c321f0-7565-467b-914a-64ae8cec3685,3435e04b-e726-458a-8d98-b9c84262d0b2,2023-05-01 15:14:31,Suspicious Activity,Position car onto senior.
344f0017-4c15-40c1-bb25-753511d2b826,11b36878-a14a-4950-a156-5cfdc14725fe,2023-04-17 09:17:26,Suspicious Activity,Sometimes trade total authority.
b76d600b-6b7f-42ea-915d-e60642c5a4f7,de0025cb-74f8-4774-87e2-dd2361ad53cf,2023-07-22 15:27:17,Suspicious Activity,Dinner according outside dog defense have article.
aa9ae559-a9c9-4a2f-a4b7-598da0a05174,98b5688e-8804-4ac6-9d28-92bb918fab98,2023-04-26 23:29:53,Chargeback,Later whose American avoid rate beautiful cover.
ca71aec3-db5f-4fbb-bb60-cc8eaaeb7601,f33f23a0-3417-4f0d-a303-19b9453d1335,2023-04-02 22:29:04,Suspicious Activity,Reflect article argue clear fish responsibility.
f1820c92-2236-4fc1-babb-63f59c4d2ced,148835b6-3272-40c7-af6d-a11b03ac7e6c,2023-01-21 07:24:10,Chargeback,College per end market current forward miss.
d89e388c-9bc6-48f7-b514-04eba1c07dd2,ac55f8d5-594b-4aad-a688-04a261469905,2023-02-26 06:35:34,Suspicious Activity,Kind ago provide top also foreign may.
aeb8c66f-d6b5-4002-8917-14b5d2a3299f,3161698b-43b8-4cbb-a875-b02a8184e46b,2023-06-14 00:57:11,Chargeback,Rock its still news yard daughter source.
166bd330-03a8-4020-ba0b-c1b83f5838fd,62ea1c56-1f99-4620-ba83-80a94873c453,2023-04-17 05:53:28,Chargeback,About try as now Democrat but.
c3c2bced-97fe-4f9c-ad4b-f2030a6b8d4a,58b9174d-910b-415a-b55b-e672bbac7a0e,2023-03-27 03:20:27,Chargeback,Teach material hard else sport.
5e2dfb0e-9e16-487d-a859-a9e03a5f84e2,9eb3c034-8bc2-435d-90ac-2dc8870ef732,2023-08-15 07:20:34,Chargeback,Guess billion main probably perform alone company.
457035bd-83da-499f-b367-cac7abe039b2,06190a5e-ad4b-4ca8-9de7-690e7bed992f,2023-08-11 21:02:59,Chargeback,Consumer drive him.
17f1d016-e55d-4d1b-b6ee-25b86f744a26,56f73122-9931-4187-be71-104171752ccc,2023-06-15 17:12:34,Suspicious Activity,End during might order between so.
e19c4708-f73c-4cab-b253-8b08b5f06a13,7d566d7d-1fca-4ae8-b95b-81e03decb9d9,2023-02-22 01:20:08,Chargeback,Born hit brother above.
1d7f6af3-337b-4e87-9b7b-2eb2aae594d8,81ca3483-f5c3-4f34-90d2-314f45f48bde,2023-01-12 00:58:01,Chargeback,Brother laugh community exist player employee.
df0dc011-1a9f-45c0-89cb-54c5b58fcd7e,81162ae9-89f8-40f5-b385-3b413c746ed6,2023-03-28 13:36:03,Chargeback,To child coach deep usually.
fb4783ea-2414-4538-97f9-e47ba6649402,cc1694e2-354a-4a11-be92-7c7fe8d20b3f,2023-05-21 07:10:39,Chargeback,Offer ten economic suddenly.
ffd4e4d2-dc21-44c0-a94e-1bb8c6b5ee60,3becb9ca-0e3e-4a1f-9f8e-bb7f6d940748,2023-08-10 23:19:36,Suspicious Activity,My attack rule treatment note.
c536e370-5788-4408-aa17-1f07b6ebe4fa,f9dc0db0-86b2-4edc-9a70-119413c91d9b,2023-02-19 13:20:51,Suspicious Activity,Stuff president simply data.
f1c39efa-2520-427f-9815-2b8d2623ead3,ef2f1adb-2092-4cad-a6b4-fd44844fab3c,2023-04-06 13:48:22,Chargeback,Leader their article pick matter.
ec5648c5-f676-4e12-a57e-8a75082059fb,81808fe1-0244-4ced-87fd-97b3fef6bc45,2023-05-04 15:28:48,Suspicious Activity,Score owner already.
1bc1879b-44db-4957-8a8a-2913a63def47,bcd55081-7c11-4e2f-8d12-ff5a7e141288,2023-07-06 02:55:45,Chargeback,Baby five similar decision.
7282e000-270d-4b79-a131-0fd919d19578,abcab355-c78b-4e80-a9d0-4f65c0665e70,2023-02-06 12:54:59,Chargeback,If these dinner very.
f721ef5d-ddce-4183-a886-b3bf76b145e1,fc83b6b4-9904-43ae-9b7e-8d9abd58407d,2023-05-09 15:13:01,Chargeback,Great common develop movie will beat figure nation.
439802e2-6666-4c63-8acb-087f7a61bbd2,5a119b2d-27a7-4255-b7a4-7e4a50d7227e,2023-03-03 20:41:50,Chargeback,Range pull probably my especially picture.
94b161df-046f-4c85-855d-7644075c66d5,7eebeb6f-dff9-4ad1-ac82-9958944bf2e1,2023-04-18 00:17:24,Chargeback,Red her decade real blue half treatment ready.
22772e03-6b06-4b6c-8b35-6fa2d51df823,9f96246a-9e56-4ecd-9565-7e8461afabe2,2023-07-13 19:32:42,Suspicious Activity,Democrat family fact important learn life.
2303d7df-4c17-46cd-82eb-3501ea6fdf63,0859f0b8-44c2-4f03-8030-dcd6315f4e4a,2023-04-19 13:15:49,Suspicious Activity,Painting off hour decade say answer.
166e7144-b46c-4802-a5c5-f9fd7a4d211d,bb05a2bf-915e-425a-9275-be010a1ba924,2023-03-15 07:47:23,Chargeback,Serve forward build find daughter remain our.
9c8455be-72f6-4e8d-8d9f-68f5c1d9cf7f,8739577c-269f-457f-8267-ac23274b5d69,2023-06-18 23:32:21,Chargeback,Why create record expect box along worker.
c103bcf4-8ac1-4808-bdcc-27f8e10ae472,73e60621-4035-447d-9fd4-5b4a1443e4dc,2023-04-11 05:06:51,Chargeback,Career task much give.
281c1fd8-68d9-4fe7-b8f7-9508c7ca113e,d72e44cd-f59b-4997-b70a-851dae99a9c5,2023-07-15 19:12:08,Chargeback,Act season as candidate military.
c525f70f-154a-498c-8c79-4ca813d5c800,59c17d3f-1af2-4e7b-9b90-5fdfdea4ac89,2023-07-19 12:42:23,Chargeback,Performance before home article few.
7d196cc5-e550-44c9-aa50-c754cafd2b9b,786af41b-ea25-40f2-a7a4-afe19209e24d,2023-02-07 03:20:34,Chargeback,Condition build people want.
31950705-c0cb-47ae-9271-2c5594d2219d,7c81f14e-afb7-4e15-be6a-250d432adcbd,2023-05-02 03:08:44,Suspicious Activity,Clearly manage specific few.
38869a08-56b7-4241-a6ab-9366372b08d5,d107a04e-0a2c-44b3-981f-508d8b516ba8,2023-02-17 06:16:05,Suspicious Activity,Ten gas arm draw late fight sign.
a07d3184-6184-429c-9485-b324aea4206a,978e086e-662e-4240-957c-e04cb485225d,2023-08-05 10:13:39,Suspicious Activity,Day cover improve teacher improve form suggest computer.
295470e1-3dc8-4321-b665-ad9ff76c543c,9a2794f1-e0b4-4416-9959-858aed661655,2023-05-15 04:39:24,Suspicious Activity,Without region treatment whether it dog eight.
934ec47e-6c80-4345-b4d9-86331f9480f6,e2bc002a-4194-405c-af82-bab824b7aa53,2023-05-19 13:34:22,Suspicious Activity,Meet she plant teacher city.
1e515b39-ece8-4a7b-a240-848fd498549c,6f97984e-2355-4d40-b5bd-b39c48db106d,2023-04-11 03:00:52,Suspicious Activity,Recognize road until reach.
82bfd257-c3d9-4789-b392-3ecc4cfdfcad,8f4d3ec9-caf3-46b3-a69d-38570d4ff93d,2023-04-09 22:06:56,Chargeback,Paper cause expert lose.
7f993230-3d7b-4d4d-ae81-ce35df8d7c30,ca07ac34-61ce-41ea-8783-a1190bd01e50,2023-05-24 22:02:17,Suspicious Activity,Traditional impact ok run deep knowledge blue.
92dac3d0-6a78-468f-82f4-ea92ada62182,bd9c4b65-0d62-4b5d-bb9b-60fdc7d2c9b2,2023-01-29 21:41:18,Suspicious Activity,Fire paper church fish space ball heavy much.
8736735d-4103-4396-b630-7cf71fa8d556,8339a6e2-3bc7-4240-88c2-c83c71db7f3c,2023-07-08 16:11:33,Chargeback,Training and member mother pattern money above product.
97e2ed18-b7b9-46cd-973f-a30d8c3ffff4,ad11c295-e7b2-44cb-9b61-18734ffa872c,2023-08-15 18:52:51,Chargeback,Education little green foreign Congress require nice.
24202bab-de9f-4666-abc5-1c8ded4c64f0,1971d041-b046-41fa-8f09-dcb20ca12458,2023-03-23 11:58:52,Suspicious Activity,School crime season wide need cost.
15cc2b3c-a6f4-4f62-8ddd-1e629d814f49,d3d1ab42-6672-4113-b8e1-c3109012e22a,2023-03-14 21:31:54,Chargeback,Company hand build character candidate several also company.
4c86245e-6158-4d35-ac71-2c881aa3c513,f574f5a6-dcbf-469f-8327-a6c2abff0284,2023-02-11 03:43:24,Suspicious Activity,Choice cold wife live box bank race management.
51b59439-0ea3-468a-acf2-a7c579b8aa66,adf7f95d-8540-4b87-89bd-87522002c881,2023-02-23 14:23:08,Chargeback,Forget even before remember design for.
0060365e-55b6-4de6-ab9e-d13015636db2,78671ea2-de65-45ae-8e2c-d6ac77fd23b0,2023-07-26 19:37:35,Suspicious Activity,Democrat skill factor series final rich stage hope.
7caea635-1f03-434b-9cad-3cf87099028b,14c0ed4d-6e1c-484d-a333-a1d96964420f,2023-04-13 10:58:59,Chargeback,List practice discuss still major scientist.
a753579a-5214-4306-b2d9-8989d4a81680,d9298c12-d569-4b9a-ba94-378a30efabf2,2023-05-20 23:17:07,Chargeback,Certainly contain bank political wish second score.
0ae15d52-56a6-432d-ad52-2bf2d0427398,9b3b4783-b0f6-4999-af8c-4744bef4ee7d,2023-05-04 06:05:49,Chargeback,Kitchen have feel executive any law.
b15c7b69-3d73-40db-b67e-2cffcc403f41,09af8de5-1b0f-4f6f-89ce-16bb75020422,2023-01-15 03:50:11,Chargeback,Easy relate truth issue current area from.
0f82dff1-4bd5-4e6c-81b5-4b15f7580b29,e952c8f6-6edd-477e-808b-9e7a614649b5,2023-03-01 19:54:33,Suspicious Activity,Clear officer get soon miss budget significant.
fcbf9456-7eca-47c4-906d-b69f51684b84,37bbddbc-3f8b-4b3c-87d4-a6d52ddb77c1,2023-03-15 14:02:31,Suspicious Activity,Act again record property.
cb2584a6-39cb-4cc0-af2d-89fd3f5a0c42,296fbd62-3b88-4c65-855d-a538e28fe1ef,2023-03-18 06:51:36,Suspicious Activity,Bill player tend fly research maybe suggest.
46be2993-0487-4c00-901c-0464f323fe42,01413ff9-03aa-4348-b443-e4ccc4ce00ea,2023-01-31 01:10:31,Suspicious Activity,Red address candidate follow few glass dark.
157e5644-35ef-458d-b46e-4de0ff5e2c43,7fe599a0-3247-46ed-9e97-5e18b28bb873,2023-05-10 02:10:44,Suspicious Activity,Away product laugh voice prove.
dac73ca8-216c-47fe-aa41-e3aa6c3b6886,e216db51-7990-4e11-8a21-c34f45d4f85e,2023-07-22 17:16:04,Chargeback,Force center painting can.
37115c16-0972-4f26-92e1-f64e96ee6910,8efef6d8-9baa-4eed-9a48-08e5f8ff2b07,2023-06-16 15:28:33,Chargeback,Main those change foot none.
42f5cc62-4c81-4194-aa82-622483834ce2,0efadf50-7786-41e6-9ff2-df544ce0828f,2023-05-06 18:51:58,Chargeback,Beyond arrive after everything interesting doctor.
e0f24127-6fae-44ea-bc6a-57cac7ef5a11,0f648dfe-1158-4aa9-af54-403cf221a4f8,2023-04-14 08:04:18,Suspicious Activity,Hope letter method benefit.
f1ee17a9-fb1d-4b98-ba9a-b1bd6c30025e,cf90832e-da36-4f1b-9644-a01ff6514935,2023-04-18 17:09:35,Suspicious Activity,Safe run want relationship.
2fc2b6f7-aa3d-4d86-9fe9-4a2ae565abf1,e367dcc8-6ee6-41b1-bcbc-26f48a9b2582,2023-02-25 13:29:11,Chargeback,Consider experience ahead agreement.
9cc1ca2f-8445-4c72-b2b6-81aae28ea509,d6e02d35-c2e4-47c8-9f37-cfb12fcce47f,2023-01-22 13:37:48,Chargeback,Must quality reflect so.
fd6ece3e-831a-4137-83af-1ce08c13c963,72312963-c980-48d1-b638-29293d475fc2,2023-04-18 04:49:20,Chargeback,Member trade yourself fund mouth.
6b6f822c-12c0-44ff-bbe5-da8b5252b768,89530735-4f01-4443-b836-e0ec8bb71511,2023-05-25 14:55:54,Chargeback,Talk onto again world.
7e8db69f-6e0b-4734-a4ea-495a67a7cc4d,b225169c-588f-4bf6-a82e-86259c31db8b,2023-02-25 22:46:53,Chargeback,Lay police several score argue.
ca447092-36e7-4cb8-a525-6a2f594ccac6,19a186f9-cb6f-4de7-b0a3-9699dc27f624,2023-04-16 06:35:15,Suspicious Activity,Very model may whatever physical these.
b5269b22-ae31-460b-b1d9-b54d747e92c8,737782e4-c6b3-4dc4-a3d7-0367221e1fb4,2023-03-08 20:01:09,Chargeback,Account summer senior bag.
2bf86901-a8bc-4fe2-8f1a-4e55da2a60c3,1e0a9fd2-9eaf-44eb-984a-f6face7d8c5f,2023-08-13 10:56:29,Chargeback,Perhaps section news blue course shoulder.
09685fa1-8650-402e-838b-52256c047ad4,cc7d2d6d-5fe3-4208-8493-5137ef014579,2023-03-19 04:33:40,Suspicious Activity,Buy stuff mission suggest child our tend.
70a54fa4-2d2a-46e5-adc8-12fe298159dc,ee39f027-bc98-4a0d-8a47-ecd044338082,2023-01-25 04:15:58,Suspicious Activity,Himself common into.
dd89e34e-b24f-4e63-b3a9-3d081bdbe545,20086301-3ac6-421d-b9ba-7370862d4555,2023-02-14 08:42:52,Suspicious Activity,Activity sign strategy teacher task.
d194a36a-5ba3-470a-a21b-9edd76260098,c041588b-c594-48d5-ac06-fa1900e4b095,2023-07-04 21:06:33,Suspicious Activity,Record season blue week.
24a5d141-2b84-4b79-80cb-b405a80532bb,20086301-3ac6-421d-b9ba-7370862d4555,2023-01-20 11:35:45,Chargeback,Behavior course name claim have price share.
e72dfc2e-4edc-4e24-991f-b34d6f368a2b,63a0848c-2789-4397-ab40-81ec4b39d44a,2023-07-20 21:31:46,Chargeback,Catch important hot carry social four both realize.
d2cc47de-078a-491d-8cab-396ac3131feb,396b8bbf-1ef8-4527-81c6-70f368155fb9,2023-05-17 11:36:22,Chargeback,Hour human actually finally democratic knowledge.
486a3c12-d66c-4bb1-b3bc-10f314309be2,5a30c17e-0e6b-4d3c-8306-a48a789346a5,2023-01-15 20:27:14,Suspicious Activity,Value treatment prepare economy set really.
b6911308-5673-4a96-9951-fe32a917a82f,8cb06049-d9db-4d0a-9321-f46c15409b38,2023-07-23 04:33:50,Chargeback,Machine business over prove.
8d13d39b-e47a-4bc7-a33e-596c9d944b35,12c67dc8-9db9-4714-81f8-014a1a5ec06f,2023-07-17 00:59:07,Suspicious Activity,Data last seek anything hope tax.
3b36b82e-dfa9-42ce-9aac-502f40c6fdbe,485814be-9b21-44b4-b6c4-ffecde22d25c,2023-04-15 14:53:22,Chargeback,Difference significant work four future author pick bag.
9019cfa8-85b3-4507-9af8-05ff04c1bbd7,5d244350-9ce3-4851-9803-fbac9097ab47,2023-01-19 12:21:55,Suspicious Activity,Already successful off hotel when.
0499aed5-4f00-44bc-beda-3798086eb1f4,9cfa4550-ff27-4bba-8838-1515cd447696,2023-08-19 21:09:24,Suspicious Activity,Somebody occur after.
5dea1348-b749-4ea3-8e91-e4df2b2b361f,c6c9688a-eb3c-4426-8073-fa8048e31dea,2023-03-17 10:19:32,Suspicious Activity,Ago threat drug back street.
7e18976b-731f-44e5-ad8e-cbc7e353a6f9,449c46b0-c10a-472e-9b87-4f5692dd2e8e,2023-01-26 17:04:27,Chargeback,Tend woman end thank.
dd1d06b7-b0d5-4401-a707-26e566c33094,56a46368-f5ef-4f40-848d-e98d3f691f0d,2023-02-25 22:15:48,Suspicious Activity,Public street appear at another sit.
18f93c19-450c-45b6-935d-ff352449d4a7,92c70d72-3837-4726-9797-4ce28a79fdf0,2023-06-17 02:55:15,Suspicious Activity,Whole number its force stop either season.
b8351cd2-d8f9-468d-928d-526614e24c53,751ba697-918f-4af3-bc2a-67925cb5b6eb,2023-02-18 03:18:31,Suspicious Activity,Character fact act admit example produce eye sort.
dc4e4ce5-2a0a-4751-a8d8-b6041b36711d,ea77e593-a6d4-4e26-9568-3682f75e4f5a,2023-07-28 01:28:27,Suspicious Activity,Rest reach treatment.
64594a97-c08d-42f4-a73a-1b2ece1e8ff8,0cc5a56d-a8d8-486e-adda-dca32ddeaad5,2023-03-13 06:52:18,Suspicious Activity,Player throw baby source body attention together case.
cdc6bdd8-6931-475b-9ca8-75c1f53fa34b,c2cbcdc9-22bb-4866-92a2-8312447633d8,2023-03-18 15:44:01,Chargeback,Few care answer I still program.
e0e641b5-af39-4f14-a060-5d4a5d0b802e,6fafe77e-151e-45cc-a272-54a49aa7a3bc,2023-01-18 20:53:22,Chargeback,Try side station find million.
4e6d4e2b-685c-4304-ad1f-d0f188332fb5,d72e44cd-f59b-4997-b70a-851dae99a9c5,2023-08-10 10:39:41,Chargeback,That number result service provide likely hit.
d2bb1c72-0df1-465d-87ca-fd3fd42f5ddd,639dba07-ed38-4653-a95e-0e7ecb70a7c4,2023-04-24 16:39:54,Chargeback,Look shoulder night week fish future.
b6dfa553-f1e8-47c0-babb-482815b8e426,931787b0-e463-4bfa-bdc4-3d1a017677a8,2023-05-23 05:39:24,Suspicious Activity,Stage simple lot when drop home attack.
3bf3c2b8-92ed-4597-a948-27980b9cfe46,06bbbbda-9b13-4495-990b-0d27ad6bb56b,2023-04-10 10:45:03,Suspicious Activity,Start deep even very.
bf0a9e98-3ec0-4ce1-8fa8-2f48ef435a66,8816827b-e632-4fdc-9cde-28c0aac1b417,2023-06-08 10:21:45,Chargeback,Allow research look force.
08707a4a-3a0d-4b57-9784-a8d22653b4a9,abcab355-c78b-4e80-a9d0-4f65c0665e70,2023-04-07 13:10:35,Suspicious Activity,Movement oil case floor trouble guy.
abed169c-9549-45f7-83bf-2ba0e81376aa,7206307d-d1aa-4927-b341-ec32e3632410,2023-07-25 18:39:41,Suspicious Activity,Run manager hour risk view onto cover.
52809421-acb0-464e-b834-adadfc2377d7,1f1ee204-e728-4e26-9edf-6b3f9c40c3c0,2023-03-15 20:45:06,Suspicious Activity,Skin person act.
86956530-e89d-4fe9-a39e-8197ed22e453,b7a3784a-ce42-4fa0-ab22-667c75196201,2023-01-12 00:31:24,Chargeback,Congress watch officer west war wonder while Democrat.
f2be7486-3a12-4807-bc3d-9486a8dc3e4d,7ab8723a-82d6-4b34-839e-6bfa89a61d01,2023-05-27 00:40:42,Chargeback,Child wrong carry bank training.
48308d77-9606-422f-b76e-70532eeea7f3,18758d96-1a8f-4694-a534-f72b1961003f,2023-01-25 01:22:04,Suspicious Activity,Activity course option detail.
fa80fb2e-2f38-4ee7-99fa-d776ff7d62de,e13799b1-93a9-4b08-a8f5-f12c3b8ec915,2023-01-31 20:18:39,Chargeback,Night again sport sit drive.
19016c2d-2ca3-440c-be16-f2588a367e1c,53f08f45-a430-4df0-9202-c72ce55481d7,2023-01-28 07:40:54,Chargeback,Really PM practice word behavior election.
f5958f17-af37-43eb-ad54-fe0b1ae0f002,f2de17c4-c818-4ab9-9857-9a28e4e70c34,2023-01-10 05:55:20,Suspicious Activity,Will property yard scene view.
77b79280-71ca-486b-ae63-031723f79cb2,c1873390-4bad-4f61-b4c8-220592e6223d,2023-05-20 22:05:55,Suspicious Activity,Society animal western project its.
662c610a-2a44-4acc-a994-4f4366588222,cdc7e023-fd04-4796-a979-50d84f63dddb,2023-02-22 20:07:03,Chargeback,Election apply really apply medical detail.
ef6cdfdd-77d2-4771-9f4b-b2b3066cefa9,cb017ad5-56a0-49a2-93b8-5d60252e3897,2023-05-27 05:32:35,Suspicious Activity,Must technology five create story.
cb1fc165-0e49-433f-8e2e-158ebb2e4f04,b7f36457-9788-4cb6-a970-179d64c3ab27,2023-05-14 21:30:37,Suspicious Activity,Common fish performance discover concern girl.
efb3b558-fa16-412b-bf9d-874ea497ca9f,d0dd267d-8ace-44bf-868e-6e551fbd6be6,2023-03-20 19:13:59,Suspicious Activity,Organization make final new wall.
d9bef1e4-6f50-4c02-a0f1-fdf5b803b645,58b427d4-780a-4c1d-9008-f77d360dbbc1,2023-04-03 11:49:04,Suspicious Activity,Reason game eight health product.
70c8aaeb-352c-45ee-bda1-5902bbd73794,75985a2a-e9d5-4141-baf2-dfd5aa8fbe79,2023-01-15 08:04:36,Chargeback,Very else but pick power few close.
71a152ac-507d-4891-b850-e530f543f5ae,05aa3d04-fe46-4f16-831e-898d00b485e1,2023-07-05 07:26:14,Suspicious Activity,Can address building address letter production.
4795a4ab-21dc-4621-a56d-5e259aab33e7,012e7c43-d8f2-469d-9534-7cf703fedca5,2023-01-31 01:15:38,Suspicious Activity,When story behavior recognize sport.
b20c0bbf-ff56-475b-8a6e-365983634f19,f3c0043f-6acc-4398-bab5-6b11695c8240,2023-05-22 21:04:32,Suspicious Activity,Prove fight well.
e9e0ecb6-e1f1-4302-8285-1797ef073a1d,fb77813f-0174-464f-a7e1-978ceb46b7a8,2023-03-09 03:11:08,Chargeback,Example church report since sort past room.
2e429304-46b2-4fb4-8912-f2f8a6cb8302,c36f949d-2676-45ac-827a-e16c3eed18ea,2023-02-03 16:46:33,Chargeback,Film every specific good.
31e145dc-cd1b-46e6-901e-e0a9491dd0ab,42f35c2b-0af2-447f-b3e3-846ea7606da2,2023-07-10 16:27:26,Suspicious Activity,Control per former very around.
cb9e4268-3395-44c2-a06b-996c118a2740,bea05ffe-e4db-457f-91b5-a6f7ea51bf11,2023-05-12 19:54:35,Suspicious Activity,Provide politics voice throw camera all west.
ed4ee395-900f-47ff-b597-b86479cb77cb,43734441-635e-4c17-9f21-a9c5391a1e5d,2023-07-12 04:31:01,Chargeback,Individual box last around material local fish.
66555bb1-c286-44c1-8c5d-9faf76114157,f4ce77d1-ed64-4953-ab49-bba99cf5f673,2023-04-20 14:37:42,Chargeback,From rest save.
ac9df5f7-b914-4733-bed7-92f08e82985f,cb5bf78c-01c7-4298-9916-a82e2266e9e8,2023-07-13 15:44:57,Chargeback,Over subject education white huge this very.
e3bc2f5e-2243-493c-974e-eb62917f77ba,5b5a3dab-116a-4d32-ab7c-249a7542ee46,2023-08-11 07:50:57,Chargeback,Where apply life.
097b1489-4118-4862-b1b1-5757615906ce,de89fb54-62b8-4249-8dec-c03c5ebbcf4b,2023-08-02 20:31:32,Suspicious Activity,Explain you million.
1e1febe5-100f-41ef-a7d9-65eaec5ed87b,93e104fb-65bf-46de-bf79-94285005cedb,2023-06-22 07:05:21,Suspicious Activity,Fish late expert million performance lead find about.
0f5fb24e-44f0-4f55-862f-9d5a45908d25,118dab07-ab5b-44c6-9a72-e038e0993056,2023-02-05 11:28:59,Chargeback,Share mouth seek small someone thought including fall.
b35e6172-9789-45d5-97e5-fa391cbab771,0d347c49-8285-4921-82e1-5b4f8874ffcd,2023-03-17 20:24:34,Chargeback,Three east present go shoulder than system week.
4150cc1c-88ef-4bb0-ba74-b4f41b95495e,b57c5416-c8ed-490c-a7eb-4e3f95e57179,2023-03-11 04:00:30,Suspicious Activity,Yet sport free.
b4b48b51-c91c-45e3-8870-ba8e1af0d284,41af4bbe-9f3c-44ab-a29a-c9808b8dbea4,2023-07-17 10:06:06,Chargeback,Hear fly early senior word total nation benefit.
739c3be1-0dac-4822-b3b4-698f19805fb0,1eb025f3-320b-4168-96ca-db42805cd93c,2023-02-05 12:56:44,Chargeback,Us never short sport consumer compare.
5fb509fa-fba6-49d7-9318-8e6164ed5fe4,c0b98d46-d497-41a5-a27c-697d9ab0392a,2023-03-17 08:27:55,Suspicious Activity,Team money too international old make week side.
4f96e563-65d1-4740-9891-1f0e50eaf5c5,90be1048-304f-49b2-9fde-0817705177f7,2023-06-18 09:31:39,Suspicious Activity,Nature where various record garden mean.
17385a4c-0f83-4b8c-a60e-d0f8032cb4cf,20086301-3ac6-421d-b9ba-7370862d4555,2023-04-08 06:32:25,Suspicious Activity,True yourself picture build within.
4033c967-cb39-4f89-9d01-5a78bf3cff49,92fc54a4-7f6f-438e-b3f6-2f1013a5e447,2023-02-22 07:40:25,Suspicious Activity,Wide piece add hour oil statement.
e518bf07-0155-4e4d-b80b-b4db90ef051a,e2bc002a-4194-405c-af82-bab824b7aa53,2023-08-19 17:32:27,Chargeback,Tend still suddenly four season need expect.
25f366ad-5113-4616-9c00-a505f5acd119,b1d90a5d-a736-499b-9abb-dd596cad5910,2023-04-19 13:11:04,Suspicious Activity,Choose may sure special.
b05caf26-44fd-4846-bf87-59f711076810,09fd8cfc-7b50-47f7-aa49-e52668b90544,2023-04-27 02:25:10,Chargeback,Quality true factor lot truth military.
ec8cdd38-2206-4df2-a75e-da983a22f57b,7ac22349-7686-4d63-bee6-c9bb81741b7b,2023-02-07 05:28:27,Chargeback,Structure red process her garden another word increase.
46edee3c-cf90-4683-86b7-2ecc5d0c5519,723f9051-6510-45a4-a2aa-f6bd4610ca87,2023-06-08 07:15:18,Suspicious Activity,Recognize point ability man course.
4a4769f0-a52a-4626-a79d-c50770a1739e,8e6845cc-12b9-4ac0-99dc-9a61d16cadb7,2023-05-30 15:19:57,Chargeback,Imagine high sign like control.
a84a960a-b857-40a2-8ba2-b74af3a245d0,42f55e6a-79c6-43df-bd2a-1b03710c0cc0,2023-08-04 15:36:39,Suspicious Activity,Fear bring four trial.
20555f25-0107-44a7-9458-39eb309a6318,1eb025f3-320b-4168-96ca-db42805cd93c,2023-07-15 09:28:12,Suspicious Activity,Little participant positive financial.
a44496e5-cb46-4de6-85c6-e767d2a375b4,2f78ef6a-4677-43e7-b794-e59f89d91bbf,2023-01-08 18:47:13,Chargeback,Why simple police.
1ef1bf3b-5154-4841-96bc-ee060c54e818,182a1bb9-6fc4-4047-b087-11d08a88befc,2023-06-18 02:37:56,Chargeback,Least scientist music across PM.
818b984b-9766-4747-867e-d06c8bbce845,a3a99992-cc35-4396-8909-6b3ca6ecb2e4,2023-07-15 00:02:02,Chargeback,Hour consumer message situation wish.
cafaee9c-152a-4cb8-8fdb-e4d2e222994c,79e8ebee-e63f-41ab-a107-00c9234de1ff,2023-04-11 14:11:50,Chargeback,Whom continue up.
f7e85079-3e47-4544-b3eb-276050aee8fd,1b4ed875-e8bc-4ae7-8f29-6c073c1ae490,2023-04-27 05:09:57,Chargeback,Public scene nation.
9073fad0-ae43-41d4-bf3d-1fc9a31842cb,b90b3a4e-0ced-40c4-96fe-9217bee11df4,2023-05-27 06:51:52,Chargeback,Respond find role report.
3082e349-feaa-4b43-8711-97943eb63f5e,e5857b44-7693-4989-ad58-07f793eaeeee,2023-01-14 10:58:21,Chargeback,Single indicate candidate across.
8d9c84ad-30c9-4628-b08f-2c22d03f6560,9938c82d-0543-40b2-9c98-18813067068c,2023-04-27 07:17:27,Suspicious Activity,Hope skill character past quickly.
09cc50a4-1806-4242-86c2-dee9c51857e7,2573bd35-6caf-4ee4-b3b7-8a4571cdc8e6,2023-01-29 01:41:16,Suspicious Activity,Write rather hotel least arm charge.
06763aa4-e0f6-4e4c-b96f-ac08c7d2e1a7,779c8706-f166-4448-aa95-22c1951e748b,2023-07-12 05:42:20,Suspicious Activity,Rather catch southern share explain suggest clearly.
08600294-afb6-4de0-9e01-c09babcdca4a,802799ee-3f9e-4e56-aa85-236ed2bce140,2023-01-22 02:08:30,Suspicious Activity,Spring reality simple none interest.
4fac4d1e-6887-4514-a02d-6fb9b24f86b1,dd0dba8e-9995-47af-87e8-b7c642d56a67,2023-05-11 01:54:31,Suspicious Activity,Dark thank without million important.
7c7dabaf-e505-477e-9542-45b09418e5df,e6876e19-ac8b-4107-be12-f4c99f8504fc,2023-02-05 00:51:34,Chargeback,Nor bit discover day money rest approach.
3c6f72e6-7d9a-4fc9-9c94-d44d96d8c03f,813526bc-8556-43ad-a451-759ee8ab2bae,2023-07-19 15:26:47,Chargeback,Sister recognize woman effect something.
057b98b4-763d-4a7a-9f58-019ed973f6f7,b7a125f3-2381-4133-aff6-3cefe610ad03,2023-04-02 15:05:57,Chargeback,Sell house book section successful radio throw.
2ebecf84-8580-4900-ab40-d1693b29649f,a35514de-7ba6-4c0f-aa53-748a562c7202,2023-05-17 08:05:27,Suspicious Activity,Memory figure art.
89568234-8db6-413b-8ada-93a08d4f4033,9bb1592d-4a91-4519-8640-b8806ef1a029,2023-02-25 07:00:38,Suspicious Activity,Increase build central often court near type.
86b9d534-747d-4ded-b60f-d6e09a6fce3c,35a7e7ef-3c00-421f-b29a-53bd64976a14,2023-05-26 14:49:59,Chargeback,Join teach join organization shake half whatever.
0b9e2c5d-8f54-4cd5-86f3-fe975260ac75,5454ddb5-58ab-43e8-a893-a1221f2a8b7d,2023-01-16 20:50:38,Chargeback,Research you however begin car.
27f9805b-62eb-4a1b-bf15-6f476ff85ca0,46d1f909-cb5f-4fb6-94de-488a9cf21f77,2023-04-02 20:55:54,Suspicious Activity,Air now boy performance these.
3203cab9-69ff-4024-82c4-c2afd1cad545,dc11378c-3955-44a6-a57c-53ee90540b23,2023-03-20 23:29:34,Suspicious Activity,Everybody see common heavy.
2d989999-6df7-434b-9215-15d021ed4a36,6deb0cec-874c-40a5-93d4-58043085d4c1,2023-08-11 10:53:45,Chargeback,Wonder modern performance sort.
14e24a9c-d5ae-43d2-84a0-c83099261006,0efadf50-7786-41e6-9ff2-df544ce0828f,2023-06-11 03:06:26,Suspicious Activity,Science expect daughter.
f5437b81-7f83-42f3-98d6-8f67eaba77b5,7b01197e-936c-403a-975c-4893bb57928b,2023-02-27 10:00:47,Suspicious Activity,Forget moment style.
c4943ad4-3629-4fa8-b5e1-56488fa49195,dafcbfb8-9beb-4038-9ccc-b1d2d8d674da,2023-02-12 08:53:00,Suspicious Activity,Training hotel according.
b047cf5e-58e3-44cb-b9fc-12435fbd579e,02d46385-c44a-4d6f-ad70-8849be81a1f4,2023-08-07 21:50:43,Suspicious Activity,In to draw place into.
786b2d74-a302-46e1-9180-5795a5e1df70,5be99b00-ab88-4f6c-82e2-5c63428dbf55,2023-05-15 09:21:08,Chargeback,Dark recent figure perhaps call exactly attorney.
90a1dc1f-7476-4559-8579-efb326224e94,68b29abe-b2f7-4f5c-ac67-3e2c6104b571,2023-02-18 16:11:33,Suspicious Activity,Nearly approach walk.
be004aa5-8fd9-4b7e-b399-129a762fc188,06bbbbda-9b13-4495-990b-0d27ad6bb56b,2023-06-27 12:54:17,Chargeback,Little marriage way right break then between.
6a2dd397-0eaa-4cb5-a040-6df8977f3029,458a25d6-b37e-402f-9cf4-95acbd0a00a8,2023-08-20 10:48:53,Suspicious Activity,Exactly street she.
3f51f5bc-c38c-4126-b72a-70e2bc90269f,fdc205f4-8868-40f5-9e37-a7ad770d1a10,2023-08-08 12:48:02,Chargeback,Most no white material feeling attention ago.
298fdbbe-d8ca-4771-8e1e-bd03c3601f84,0728c95b-5804-440c-a7c3-f4a686218044,2023-02-25 22:41:01,Chargeback,Range others message anything.
2046c37f-4d4b-4dd2-892f-48e41c8fd364,9eba8e48-0343-49f9-a073-395ec966e8b3,2023-04-08 20:59:05,Suspicious Activity,Face site ask arm.
c32f4aac-d72b-43b4-8671-07d03090d3b1,90457b60-733b-48c3-9255-872d6d60964a,2023-03-04 10:40:47,Chargeback,Loss human need action listen action.
543cbf83-da32-4a05-92d8-76eb62f76431,dff23590-1be3-4f7c-b9bf-864976e8821e,2023-04-01 22:55:39,Suspicious Activity,Size member reveal tell lay some role man.
392eee41-08e4-4f66-901f-6796701ad0ea,4870f787-b8a7-494f-88ed-f697a471dfeb,2023-03-28 05:18:24,Chargeback,Throughout sort serious allow.
40dad6d6-3887-48b8-a3a0-08ee3fb15e70,3d45b832-a97f-4d64-ad26-c9b84a605ee1,2023-02-04 15:58:50,Chargeback,Rather can sit keep.
12ec22c0-b2d2-4b7a-a6e0-7e98a47675f0,d1170024-327f-44f1-a850-bb9b7422747d,2023-03-09 06:16:36,Suspicious Activity,Skin detail more I seat consumer.
2172add1-0b7c-4a14-bdbb-535e5fdac741,de89fb54-62b8-4249-8dec-c03c5ebbcf4b,2023-05-13 15:55:34,Suspicious Activity,They get current probably performance claim scene kind.
eaba1e5b-d301-46bb-bdb7-8bcaec1c9ad1,65750011-38a9-406f-9114-532c164e75bf,2023-02-02 06:51:34,Chargeback,Throw relationship strategy management.
7f7203f5-d1d1-480c-aa26-0aca0fa0cec0,8ddbd355-bb77-4c5d-8f41-6fde1de0769b,2023-02-12 21:06:17,Suspicious Activity,Free carry people general ask lot.
2224f7af-ca6a-43a7-bf1d-4b4341c4d5f2,918f9118-e8ec-4913-9f45-bdd180a5a1d8,2023-04-16 17:31:31,Suspicious Activity,Edge recent hospital market skin indicate.
bd153675-6fb0-46da-887a-412b5a48a43b,971f9226-989c-428a-9ed9-6a5ccda1aaea,2023-02-07 21:19:46,Chargeback,Sing ball suggest indeed.
2fa93c1c-2a11-4847-ae61-1f30897f21c9,56e6ab52-c1f3-47dc-bab3-364ed230b97b,2023-04-15 04:12:32,Suspicious Activity,Career least grow community trade.
1a8031e9-185e-451b-8a75-52a6d83802d3,2b31d53c-aba5-4dd9-8849-160e1ed7cccc,2023-02-15 11:15:07,Chargeback,Within bill you reflect church.
1d4d1724-8565-4525-9314-9daef7f5589c,735c95e0-d1b8-4acd-ac0c-e8bebf4e53e1,2023-04-12 07:34:02,Chargeback,Look hard turn computer.
50326f08-b710-4dca-b2d4-3c5aa9b16088,68491747-bfd2-4210-865c-e4b28b844def,2023-04-12 04:18:52,Chargeback,Land least bill save administration computer.
f9567fc6-5a38-44ae-9761-e9f6e2f06907,cb017ad5-56a0-49a2-93b8-5d60252e3897,2023-06-25 10:14:11,Suspicious Activity,Small language good window myself a boy our.
8697dd60-1d26-4e63-be35-7212e95ab581,5707b572-3017-4236-bcda-eac1ec1520ae,2023-01-21 19:43:23,Chargeback,Next meeting story season nearly near.
ae29dc70-1203-4a1c-9db2-d9223acb8a6b,3bc5b697-8ae0-4813-9c1d-1535b282692b,2023-01-28 01:44:49,Suspicious Activity,Reason create west tax.
f2b73156-0ee6-4f09-86e6-38b323751a36,76fbba44-805e-48a5-9589-95ab834594da,2023-04-13 12:45:10,Chargeback,Behind it body difficult.
6e487008-bf7f-487f-97c5-e627443f8722,74b69a9a-fb44-483a-ae5e-373e82a87a03,2023-01-01 04:24:13,Chargeback,Natural method detail.
46a1d254-89c8-4385-837e-8c81ff7627bf,79da4bb4-33fb-4954-a042-97a14df1931d,2023-04-15 00:11:29,Suspicious Activity,Goal management analysis baby person politics service.
b2b7dd3a-965d-4a0d-86e3-e72099cb14b4,f9c6bb20-db41-431e-998e-b259b9fa39a5,2023-06-26 09:05:32,Suspicious Activity,Operation it marriage live successful deep.
5564a688-db84-4deb-ac87-3c46227f258c,99f5fb1a-ac5a-48d0-96db-5116f7d2dd6b,2023-01-25 11:23:42,Suspicious Activity,Worry today alone third majority himself.
90773586-4627-4e8e-8260-04ff6c79fa3a,ce51bf2b-42b5-4027-b5ce-302632d8b5d0,2023-03-01 12:43:29,Chargeback,Pattern arrive generation response commercial.
2606519f-4235-42e6-9cc0-f7e48d1b8302,507d8178-6905-40ea-8bfe-d4bd9ca4c292,2023-08-12 18:45:14,Suspicious Activity,Science evening think wind rule how.
795d2d74-f0c1-4055-a5d5-a5dae1dedd8a,68dc753b-787c-46a4-a4a6-8d5752cfe06e,2023-08-15 12:44:35,Chargeback,Under Democrat mean above week glass different.
62efc55b-1b9b-4683-afc2-d61a3cf4c885,4139383c-9f4e-4584-98b7-561c72ef9749,2023-05-20 07:32:22,Suspicious Activity,Lead a never drive.
13292bca-3a38-478b-b3c7-e128f687379a,6d980825-022b-4701-99b4-30d49d71b770,2023-02-24 04:06:14,Suspicious Activity,Appear court political meeting war interview relate floor.
5335f4e7-703f-4589-9584-a758a13191bc,c7d2f3da-07e2-41e6-90ac-1be1b3b23a88,2023-01-24 01:44:53,Suspicious Activity,Serve think care sure.
5ef324da-b056-434e-9c29-b838c505c62c,8283f892-3943-4546-9de9-74033cf279c5,2023-01-19 20:03:26,Suspicious Activity,Late she clear sure.
1344434b-4641-4238-9c16-f81acba476b8,485814be-9b21-44b4-b6c4-ffecde22d25c,2023-05-26 08:40:01,Suspicious Activity,Firm employee myself little more light.
4e638e01-16d8-4119-9b1e-9f4982b99eb6,2f6c6c63-9c31-499c-b534-3d2439d46a88,2023-01-07 04:49:31,Chargeback,Black dark final quality central theory.
3156c0e7-878c-4054-953a-4b2a537b74c0,9938c82d-0543-40b2-9c98-18813067068c,2023-05-17 00:08:39,Chargeback,Bad onto help rich method.
384edee4-5668-4bfb-a50a-84c49bba27b8,c1c2b45d-0458-4b1d-90c1-130174a5e102,2023-08-03 14:54:50,Chargeback,Account program body water way morning.
bdc460f2-8567-4707-8f1a-0f2c4bad2bc7,2ba545ed-a5a5-4b34-8f94-37e6e1e480e2,2023-07-18 13:47:29,Chargeback,Music arrive range on wide however.
925b9674-59e8-49ff-b5ee-06af30321efa,6f5a0360-357e-4984-98f6-0345b0bdb981,2023-07-18 09:45:08,Suspicious Activity,Early own need glass thing expert.
8d2bd46b-443c-4705-8990-4fb743e356ad,58b9174d-910b-415a-b55b-e672bbac7a0e,2023-02-22 01:50:51,Chargeback,Form grow key economic suffer certain exactly.
e0d36f17-631c-48e2-94aa-659b880848a3,fe901a7c-88c6-400f-a5ab-3db1c4f2c326,2023-01-08 02:52:29,Suspicious Activity,Personal evening forward hear.
60b5de1c-b6d9-4880-adcb-5459daf63167,dee4cee8-8652-4964-bc2f-42836ebf8ff7,2023-05-27 07:49:16,Chargeback,Send first long simple happen visit.
9790a3d4-62c1-4782-a63a-30912923a652,2f6c6c63-9c31-499c-b534-3d2439d46a88,2023-07-08 20:50:20,Suspicious Activity,Letter born final figure join pressure.
214c35ff-d7f7-46e1-9f49-fdf962e5e03a,c77d07a5-090b-4eae-9f91-c3b557d25946,2023-03-19 03:32:20,Chargeback,Blue rock production staff test senior.
ba2d9e04-0ef6-4179-8b9f-ab6be058ffb3,7206307d-d1aa-4927-b341-ec32e3632410,2023-08-19 08:50:08,Chargeback,Big attention data kitchen throw factor month.
93e9e28d-44b1-4496-a980-9550005a6b0f,62b6c9f6-3ea2-4a72-ad5b-76f13bdf0593,2023-08-03 22:50:24,Suspicious Activity,Indicate and trouble happen camera see.
be4f241c-c0a7-42e2-b5c8-65d012bcb1f7,e216db51-7990-4e11-8a21-c34f45d4f85e,2023-05-14 02:49:23,Suspicious Activity,Ever TV personal happy produce visit member toward.
43754ee8-003c-4830-80e5-03ed0f032e64,71720ef3-21fc-4ab9-917b-4315555ed4a6,2023-01-20 03:24:25,Chargeback,Next shoulder partner apply.
b628e9f6-3c01-44b5-8f29-3b91886d42cc,76fbba44-805e-48a5-9589-95ab834594da,2023-03-30 18:33:36,Suspicious Activity,Use investment rate skill.
916bff0e-bd87-4823-b33a-655f680f0a8f,f9c6bb20-db41-431e-998e-b259b9fa39a5,2023-06-17 06:17:49,Suspicious Activity,Decade along often.
4cc98213-3075-4960-9029-9013fd2addef,a23d1838-1c06-402b-8801-6073115fa048,2023-05-07 08:43:33,Chargeback,He only serious public.
5b4740d9-8853-4a66-b029-a74e99bf6bb5,53f08f45-a430-4df0-9202-c72ce55481d7,2023-05-21 00:18:20,Chargeback,More avoid discussion machine.
5d5b21c5-91fa-442a-969f-6ceae2bc715f,06bbbbda-9b13-4495-990b-0d27ad6bb56b,2023-03-21 13:38:27,Suspicious Activity,Maintain little available instead action.
facbb651-0bef-491d-ae0a-0caeee23e7fb,4c173846-8f8a-4e99-84ca-9c403dcf5536,2023-03-14 15:46:33,Suspicious Activity,Old north deal thank something team scene.
f528c498-12c6-4107-a686-b5f770d035f2,5454ddb5-58ab-43e8-a893-a1221f2a8b7d,2023-04-11 15:20:20,Chargeback,Billion dream possible plant.
5831fbde-b891-4732-ad7e-a7c6563e03e6,ef2f1adb-2092-4cad-a6b4-fd44844fab3c,2023-02-09 18:37:19,Suspicious Activity,South yet no our fly wall.
fa4ef7e5-d251-4483-ba79-10d349e792aa,1561ff31-7c4b-49b0-b1d4-361b267800db,2023-04-28 19:40:28,Chargeback,Society hospital figure peace recently.
671e0fdc-2a51-498d-89b7-97525dd99390,158163a5-ab1a-402d-8446-6e415cb20114,2023-06-06 23:41:36,Suspicious Activity,Race imagine behavior.
01180521-2cb3-4231-a04d-ed0440945fef,2a1ef74d-0f20-490d-9bb0-f602a1b41ff9,2023-06-24 07:56:34,Suspicious Activity,Call difficult young reach order.
bd086d50-dd1b-4937-8d7b-4a089d5615b1,ec5f238c-f4d0-436f-a214-5e103c05ccd0,2023-03-17 12:03:31,Suspicious Activity,Standard power something discover.
dead040f-0390-4c2f-a40f-42668186cff9,33fd4d5e-7658-42ad-97c1-a4f3bb5fffa2,2023-05-26 02:01:44,Chargeback,Officer line none could energy life.
abe7af18-c2bc-495d-948a-7eb6ce556210,bb05a2bf-915e-425a-9275-be010a1ba924,2023-06-08 12:40:52,Chargeback,It point cut forward.
d402ae29-3524-42d1-89d1-681ec2a4fd69,c6c9688a-eb3c-4426-8073-fa8048e31dea,2023-05-12 03:16:26,Chargeback,A source recognize.
1814fc60-4ad7-4e96-a5f5-05c38ec22922,69d39ad2-6206-4ad9-ac46-2a2676cebc7e,2023-08-16 19:54:09,Suspicious Activity,Serious before road receive group.
f12721e4-0d1c-4411-b2e8-2375980c8a5d,fcc2781a-95fc-4398-afa8-8d31c984dc60,2023-02-16 10:26:05,Suspicious Activity,Section billion boy town win half.
276cd35b-2bc9-4d62-b688-b16d46a3bb0d,51a1c5b5-2d80-4b14-9f28-5391c50d21d2,2023-04-21 00:28:02,Suspicious Activity,Voice authority organization sort.
ea67e800-6309-4cf2-a12a-0764b7a0b79b,e4ad2d03-f326-46ef-a743-4a1bac95d84c,2023-04-27 23:30:21,Suspicious Activity,Conference form control when establish improve.
54a48d3a-2ab5-4a58-995e-895d5eb8fd1b,c2d6e944-afa5-449c-9870-b91ca403d3c3,2023-01-04 03:58:32,Suspicious Activity,List my action last.
889476f5-bdfc-4082-9d19-4de852dcfd1c,c0084b4f-f85c-49e9-97c2-cdae294c7a17,2023-07-05 02:55:03,Chargeback,Mention choice inside rate as in modern.
48c0e1fd-332c-4b9b-adb3-1ba155fcc18e,12c67dc8-9db9-4714-81f8-014a1a5ec06f,2023-06-23 08:40:20,Chargeback,Tonight these suggest ok expert.
464771ef-8f66-41d2-abf6-f90201740e83,79972632-6573-4029-b8f4-a71a19327b6c,2023-05-25 20:13:38,Chargeback,Price wait bit between enter.
4100b50b-37b5-4be8-b3cb-67d810ed6962,8cfc5b28-d140-4906-96ef-4d66956f5c5a,2023-02-02 01:00:26,Suspicious Activity,Go ability type.
0849e803-842b-466c-b0de-154c0bac1452,7942b8a2-e0c7-4582-a351-3227fba9bfad,2023-07-01 03:05:39,Suspicious Activity,Person under maintain as far.
624edf1b-9abc-4e92-9d4f-2cad80db4c93,4fe93a5a-c290-497b-9a8e-85381f03dd9f,2023-03-09 23:33:45,Chargeback,If experience your according life practice show.
d66387b5-da73-4609-97bf-05285132a387,87cd3bca-6a05-463f-9319-a7d383da176e,2023-06-29 22:55:46,Chargeback,Generation agreement just quality one.
9d6befc8-f986-4c61-b912-7485ba4ba392,5671d487-88b4-410c-9f1d-f32f05d05128,2023-06-16 19:16:49,Chargeback,Wall perhaps themselves most up report same.
916468b1-b162-498d-aa5f-b31378d519d5,f5e735f0-9068-4c91-bd8c-d6aca23e476c,2023-01-16 19:24:21,Suspicious Activity,Perform herself happen put around visit.
a8ed0e0f-308e-4b66-9990-443bb2d26db5,b12a5fdd-fb82-478c-933c-217d9e9216db,2023-05-25 14:31:11,Suspicious Activity,Culture ball after financial catch design.
07c86f5f-e65c-4c13-866b-28ba7cb412f2,92c70d72-3837-4726-9797-4ce28a79fdf0,2023-04-27 05:19:42,Suspicious Activity,Test back least force.
266949cb-f120-4874-914d-8fbb64124190,c77d07a5-090b-4eae-9f91-c3b557d25946,2023-04-30 22:18:04,Chargeback,Nothing someone loss remember.
4d50d965-6471-4953-910e-63cb22d133a1,86e03811-3c99-4cdb-a8d5-53514ae83df0,2023-01-07 11:18:20,Suspicious Activity,Physical although chance imagine school west.
9fd0a611-fdb4-4678-a2aa-ccaf99f85fa2,6d9db1c1-ee08-411c-a173-ae6690fc58ab,2023-05-26 22:46:24,Suspicious Activity,Eye camera PM more out.
307dbaf2-3fa9-480a-82e8-d0ef6994e9f2,43cd0da1-947d-4a36-a7db-162d44476e8b,2023-05-23 14:28:09,Suspicious Activity,Many decade them official save more.
6d5d122d-9150-4b0e-82a3-73241a3d4ed9,56f73122-9931-4187-be71-104171752ccc,2023-01-27 05:13:11,Chargeback,Including operation him lead particular.
55182144-8128-4fe5-afde-40aacdd1bdf0,234a49bf-d5bf-4e9c-98b3-05d5a3035489,2023-03-17 13:54:03,Suspicious Activity,Camera which training address.
b4f4de46-635f-465e-85db-e7b95daee870,2d28c0fb-dcfa-4277-b303-735404a45742,2023-07-23 00:16:41,Chargeback,Option lose discuss city sense stand.
238ec4ec-3e35-4fdf-bc31-f122f10beb24,13feb31c-4ab8-4f2d-a056-b55d132d5dc4,2023-06-24 12:19:03,Suspicious Activity,Wind quite evening little recent.
3eafc032-c6b6-4f2b-befa-942edb08465e,63e23bfb-21df-4f21-a396-1ee2ff2ecaa2,2023-06-20 10:42:21,Chargeback,Art realize employee within.
b6a8831a-aa03-4232-a942-2b0b164cd9ec,6b1c3d49-0053-47b9-bbb5-030a868a607f,2023-04-28 03:40:41,Suspicious Activity,Economy church attention our lead low time.
688ede68-2843-40c4-8394-710789f7d6d5,282eb1fe-5f64-4ef1-b910-88aa2a38b1ff,2023-05-01 03:38:21,Suspicious Activity,Against next clearly if.
6f6bfb0d-d3bd-45a0-8c9e-d4df16c245e2,565c0979-1d30-4b8f-94b4-ebc1ac3da4c9,2023-01-25 11:57:08,Chargeback,Next put threat one heart style according.
35ece503-98f1-42a7-a7b3-9d0f3f612008,26d5343d-8143-457f-976c-7179f9d20792,2023-07-10 18:00:20,Chargeback,Painting nature article gun how admit while.
f6932f90-a566-41b2-8c6a-87d58a27e11f,798e9079-05c3-4ff1-bacc-505c8f1f4f3b,2023-07-15 17:58:25,Suspicious Activity,Story even not into.
54cf3ed2-07d6-4d43-b69a-5636668190f1,5203f373-8e42-43aa-a282-6fce065580df,2023-04-07 07:34:49,Suspicious Activity,Type only group free man step loss.
766851ae-926c-4d01-af30-aa17e278e001,c58507f5-9989-4ac6-8f3b-eb28d3e217e7,2023-01-12 09:03:13,Suspicious Activity,Goal fact it field big.
1a3e567e-4ae4-4fa4-8c57-825fb6a6c144,e40d4110-ef36-48a9-a880-35a0cc8a9e3a,2023-01-29 10:11:31,Chargeback,Cover reason suffer during from learn.
676fb2fe-b5c0-4529-9373-f99ece96887f,f75910f0-46dd-40df-b01f-d99f407bb2a0,2023-02-20 00:20:50,Suspicious Activity,Start response effort build.
6790265a-1927-4ac8-80b2-2644569f642a,12809004-9ba5-4d0c-8558-292f2ed41538,2023-01-09 18:18:12,Chargeback,Manager him do appear floor trade air.
d095fdcf-3986-423f-8c0d-6b115ea70f57,90be1048-304f-49b2-9fde-0817705177f7,2023-01-18 08:32:23,Suspicious Activity,Car hold consumer may value meet.
1cb83bc9-96f5-4edd-aa0f-6e81e6b29c81,69a0ea2f-282a-4b2a-9516-aa3a91c0a274,2023-05-25 08:54:05,Chargeback,Dog husband nothing ok myself my.
95e6d892-2ac3-4c79-a678-7db3e64fa9f0,9a5b1f02-09aa-4d84-9e6f-9b4401cb3c3d,2023-07-14 08:45:32,Suspicious Activity,Second record night result.
8f38da49-1c18-4c56-8ba4-ad06e59c760d,befea36a-61f9-4cc8-8877-01ae236cd365,2023-03-06 09:40:12,Chargeback,Discuss picture because enough than police within.
95b490a4-e342-4f81-a8c5-119cf3c71ba3,999fd0bf-665c-43d2-9406-5d2474496aee,2023-02-14 11:06:45,Suspicious Activity,Wide western million million eye him.
cb402acf-fdcf-4977-8606-227a1f964ef2,1703cac9-18e3-4c43-8a36-f01f56fabd16,2023-08-15 18:12:17,Suspicious Activity,Can none quickly family back.
ab561b8e-7295-4b8c-ba61-57a6614e5a6b,26d5343d-8143-457f-976c-7179f9d20792,2023-02-11 17:20:47,Chargeback,Wrong east degree officer affect court.
dc63256b-f687-4e51-bb6d-7a1c6bcaa6f5,f6168d82-4b2a-4f51-9ced-65f9d67d2232,2023-08-13 21:29:31,Chargeback,Key nothing president environmental chair for something.
a17bc936-2879-48d7-afd1-66a3a8aba9cd,210a5738-d0c6-4c58-a860-3e8e4ee09c83,2023-07-03 13:45:17,Suspicious Activity,Month picture conference need.
9b66f9d8-0cd4-4e60-a142-9c857f95a869,abce00da-a1f8-4870-84bb-09abf29a3e2b,2023-07-03 02:16:20,Suspicious Activity,Smile until decide wide not operation.
4da0b250-179f-414d-b227-84e14f76973c,4af8164a-510e-4ad3-b6c8-7fa500eb2803,2023-07-08 12:47:19,Suspicious Activity,Tax home wish end.
9e0bc2b3-b938-4c60-8cf7-29769a0ec23f,79e8ebee-e63f-41ab-a107-00c9234de1ff,2023-04-29 15:28:57,Suspicious Activity,Top use authority list administration.
66a80b3d-ddf8-447c-beb1-54fab4fdede0,bea05ffe-e4db-457f-91b5-a6f7ea51bf11,2023-05-01 03:36:31,Suspicious Activity,Attack need develop sound source maintain.
1a894af6-9b47-4d9d-b276-1be5a6e99643,21280e8a-cdaa-48bc-8aa3-569935df98d8,2023-06-19 13:08:44,Chargeback,Let place center total north evening see.
1e614e80-65fb-4c71-a5c0-9a8a16bbc802,1b4ed875-e8bc-4ae7-8f29-6c073c1ae490,2023-03-27 10:48:49,Chargeback,Suddenly money authority near add ball then.
f6554539-8bb7-4471-9cd9-423b28a48b4d,9ea3ae4f-75a7-48bd-826e-f17de931041a,2023-02-06 02:43:18,Suspicious Activity,Per teach student world heart.
82d7a471-ee97-4efa-9f72-e3973dbf3cb6,5707b572-3017-4236-bcda-eac1ec1520ae,2023-03-13 09:29:26,Suspicious Activity,Red action like nearly.
b25d9e81-c6ef-4828-839e-edf7fb856eac,45161212-8e6c-49f5-94f4-77336d9f9ec9,2023-06-29 18:57:48,Suspicious Activity,High religious sometimes subject talk fish.
6416acd5-4330-4e58-a80e-77d276199518,d498e7c2-1b8b-46d9-9747-b26ddc20be78,2023-06-06 14:32:35,Chargeback,Sit feeling fly despite.
32bf6bd2-1c21-4e14-824c-c818e779f3d0,c434c3da-e941-4c78-836e-afb93c2c7065,2023-06-14 03:24:03,Chargeback,Between personal issue him.
adf8b098-ba37-4faa-90a2-b136549cf5b5,544736bf-3ba2-40e9-ba55-16d0e9eb5efc,2023-05-31 08:59:48,Suspicious Activity,Health police yes.
f61ce001-0b5f-44b4-bf75-318e53b0b452,08627c86-e240-4104-8257-6b330038d911,2023-03-05 16:17:22,Suspicious Activity,Toward word interview ask.
e7b74049-66b9-47d8-aa88-6159e4853192,da6d9544-257c-4889-8baa-42be5b0052db,2023-07-19 18:55:36,Suspicious Activity,Teacher wife ok however win.
b0d0db10-ff65-4989-bb2b-89e09a7b2d72,6ecc7bf2-809d-4580-926c-1b5809d27a05,2023-04-07 00:33:59,Suspicious Activity,Series actually worry radio glass decide individual.
903f4aed-d6c1-46c7-9e03-352afe8eed06,893f8686-c275-4962-9553-23a75798be14,2023-01-12 09:34:12,Chargeback,Send will school land thousand form there dog.
c4404fbe-3dcb-43d8-96ff-10cbbd7c9070,3bed88a2-a321-45dd-bb2b-c4974d787722,2023-04-07 23:58:39,Chargeback,Back democratic act somebody.
e19dadef-6814-44cc-96c9-b47b8e4fe505,d0064be9-4f3c-4b66-88e7-57dcfe4f2eaf,2023-02-14 22:20:05,Suspicious Activity,Allow certain arm around it.
b0a5843f-f563-4504-9550-d06aa307ae89,dce636f1-c147-4a1e-8d01-cb738d74f433,2023-05-04 14:21:56,Chargeback,You early expect sure.
517060e4-fd7d-45a9-9f77-f78216dc9995,6f97984e-2355-4d40-b5bd-b39c48db106d,2023-04-24 00:39:44,Suspicious Activity,Skin nothing option air page.
4e44e0e2-544c-4712-94aa-9ed5e5cec172,b51a05d9-5a7b-48e4-bf6a-d8dd78a0bdc5,2023-06-15 16:31:34,Suspicious Activity,West huge but military.
36c26631-a41c-4de9-ac34-e4326f09c4de,27825b75-a829-48db-a3c4-364426276517,2023-01-11 23:13:04,Chargeback,Hundred gun adult degree.
97dc1a46-0004-45d9-bf6c-03f8ee3f3abf,69d4798b-3423-4278-aa4a-b4d773c78395,2023-05-21 04:00:09,Suspicious Activity,Relate because brother grow.
55856c00-efa2-4b84-9681-61889f6b8f85,505b5870-7470-46a5-a70d-7a88bd572425,2023-08-09 11:23:26,Suspicious Activity,Should image report.
085c6819-3631-4456-906c-4b32b82ffd61,5bf4d439-f632-4895-acbc-7da02fea7f28,2023-06-01 10:20:07,Chargeback,Financial service friend director theory stage.
3036aeee-5f89-4c2c-946d-7cf050b997a7,931787b0-e463-4bfa-bdc4-3d1a017677a8,2023-05-25 18:26:28,Suspicious Activity,Old thought minute film may garden research.
9ebeee46-4cfe-4569-8489-83c184b985ee,8295a076-a2b1-4845-99c3-3ee43a7e754d,2023-06-17 01:41:45,Chargeback,Sometimes many activity daughter first.
e7986dfa-c406-4819-a97a-b5ae23878194,e187d7b7-7e18-4515-928d-77abbad4f936,2023-01-25 07:53:28,Chargeback,Cover hear citizen international.
00bce4e9-aa37-44f5-8883-20998cf8b462,9a4b69db-5836-41f3-9a7e-77d81d653744,2023-01-03 17:42:49,Suspicious Activity,Anyone foot area treat face country.
ce358885-a676-4c37-a8eb-227c3430d611,a2f21876-4ae4-413a-a470-b6fdfd8f7175,2023-04-10 12:35:37,Suspicious Activity,Enjoy notice too direction forward daughter leader.
9ad1cd0e-a1b9-4508-b467-944f55261f0f,83e71932-c0f5-4040-a717-ac5166ef3969,2023-07-12 20:41:32,Chargeback,Four tell face model site.
ade0ae10-d7d3-40d5-8f3f-d2599a39256f,41af4bbe-9f3c-44ab-a29a-c9808b8dbea4,2023-01-17 15:56:29,Suspicious Activity,Yeah everything other spend.
eac3e310-5327-4eb7-96d3-0d1c146ac7aa,34547505-fb85-4f4c-8284-83ca3258d5d4,2023-04-29 12:59:43,Chargeback,Customer prove federal.
ed3b3fee-a57f-4bb4-bb29-f75b1afbc6a5,22f17c4a-4e58-4f9a-bd78-f87ac3416163,2023-08-13 10:21:31,Chargeback,Of sport happen decision.
0dfe727a-dc5a-46ab-86e0-a50e151662c4,21280e8a-cdaa-48bc-8aa3-569935df98d8,2023-01-19 09:54:30,Suspicious Activity,On section couple lot.
08d57da0-ac8f-41fc-b849-74816bc06488,921fb315-3d69-4177-b89e-2e9c46bdfa7d,2023-01-26 02:59:45,Chargeback,Mean message hundred past service character hospital although.
25647624-a391-43d3-b0ab-59acb4a948b4,1703cac9-18e3-4c43-8a36-f01f56fabd16,2023-07-26 21:52:49,Suspicious Activity,Learn quickly notice could.
a70b1303-eaa2-4ad2-ab42-fa5c368e8968,e6876e19-ac8b-4107-be12-f4c99f8504fc,2023-08-04 22:55:22,Suspicious Activity,Market anything set sound sense meet network end.
c913ded6-145a-4baa-b757-005742617e07,234a49bf-d5bf-4e9c-98b3-05d5a3035489,2023-04-23 22:28:39,Chargeback,Available few check first star.
54d043ab-a001-4374-9e58-248de1d71bff,33fd4d5e-7658-42ad-97c1-a4f3bb5fffa2,2023-06-17 04:27:44,Suspicious Activity,Surface religious than with set alone value effect.
cf96e4c5-1904-4891-bbef-74d7ca538d8f,033337f8-2843-4807-8903-2a7c4b0ca2db,2023-06-09 02:24:04,Chargeback,Southern realize most affect science exactly.
34b2c117-5bab-42c8-bdd8-af92d24384a8,5d244350-9ce3-4851-9803-fbac9097ab47,2023-07-22 20:49:13,Chargeback,Sure person seem page particularly statement article.
064d997d-4bbc-40d8-9731-03bec136940a,c3bf5114-c498-443d-a35d-9297c42f0b59,2023-07-16 00:44:19,Suspicious Activity,Food term rate factor kid scientist.
7dad82e8-c715-446b-968d-42f46a29c67e,a7178299-78e9-4dcb-944c-b95cd6242580,2023-06-05 10:26:21,Chargeback,Real rest hotel house anything hour.
8be9898d-fd48-46fd-ae09-465a70433805,17a57147-ac68-4e1f-afa9-d12127a6deeb,2023-03-27 16:04:43,Suspicious Activity,Treat seat so allow.
9a2a4929-f317-45b4-984c-cf9282315888,649890f2-92bd-40cb-a4af-a38e0ba42fd6,2023-01-04 14:56:00,Chargeback,Size career report threat bill civil result.
f9c7250a-9b95-4e94-852e-8a7d523f9ed0,2fc79e9a-7870-484c-8cbf-5d97b6416c1c,2023-06-14 02:21:00,Suspicious Activity,Thousand lose us check record.
602b3aea-8a55-4bd3-9695-7476a4276df5,49e4f1b1-5fad-4ea2-aa19-8074543b3506,2023-06-18 00:03:03,Chargeback,Standard prove much owner.
39fcbce3-d54e-466b-b247-3044a927944e,5c156153-01cc-4b4d-a888-fcaf021dc6f1,2023-02-19 11:00:35,Suspicious Activity,Nice position former election mission affect special trade.
fa0d3bb4-09d4-4170-a1d1-96018e9ed3a6,4b54f4c2-6bec-465a-a452-01d337b570f2,2023-03-02 13:20:34,Suspicious Activity,Million service interesting summer safe drive.
3895bc32-b5bf-4f97-83b1-46825fa2ff48,c77d07a5-090b-4eae-9f91-c3b557d25946,2023-07-17 18:08:16,Suspicious Activity,Final budget center case.
2738c37f-ef8e-4b6c-9f97-9b478036e53a,377c9c5c-2d78-46a1-9d8c-37e68bc8cb57,2023-06-01 19:39:41,Suspicious Activity,Measure last million total teach piece course.
bd3e173b-87ca-4d8b-be25-62f6d382593f,693683e4-2cac-4330-b510-bd1dba8109f6,2023-07-16 01:21:00,Suspicious Activity,Daughter practice same training himself.
f3776be7-4e00-4933-a4f9-d58cd2e9d27d,56f73122-9931-4187-be71-104171752ccc,2023-01-01 07:55:27,Chargeback,Strong cultural some president structure.
07ac99f9-67dc-4e9c-a852-071b6d0422ad,3674e085-4c44-4848-8b6f-9ccbf4e2d28b,2023-02-12 21:41:27,Suspicious Activity,Evening our democratic ever focus beautiful.
acdd8e39-b3f4-4246-bbf8-63b2894da2ef,059b51da-0619-467f-b80d-c88475710e49,2023-07-07 23:23:50,Chargeback,Price difficult special now particularly.
c8b9968d-f5c0-451b-a69e-2e5dab5875cd,e038ff78-609f-4d81-b2de-666113209cde,2023-02-22 17:04:55,Suspicious Activity,Issue support establish together inside.
066ff028-d00f-4f60-a334-ef4b8d007a23,166bd1ef-d133-4ae8-9467-151e6ca5c504,2023-03-17 12:09:45,Suspicious Activity,Resource two however big road oil.
a441f180-6191-43ec-afef-c01d5c6f7388,4139383c-9f4e-4584-98b7-561c72ef9749,2023-06-20 16:09:20,Chargeback,Opportunity own Mr indeed truth.
2c8a1834-e6dd-4c9e-be25-38a0d292240e,75985a2a-e9d5-4141-baf2-dfd5aa8fbe79,2023-06-08 08:33:59,Suspicious Activity,Child sound get senior scene home decision.
0433b1bd-b2f7-468e-a3e4-97031fc76f7b,03084238-6eee-4062-b74f-d9fafa7ee55b,2023-03-31 11:48:38,Suspicious Activity,See vote now board those anything citizen.
d610d8c5-c8ef-4c9c-9e39-38723a2bb36c,a104f294-c6b1-4693-8ec4-35d28c35be53,2023-07-09 05:29:16,Chargeback,Radio close strategy through appear quite very.
4fcfb133-ac75-4ed6-9e9b-91937738d25b,f00c7af8-94eb-40dd-8a32-8d68bb430bc6,2023-02-04 14:11:23,Suspicious Activity,Example expert herself follow next.
94162d4b-e68a-4ddb-89d4-f216888dd8b8,fe69669a-9f9e-4eed-8573-30b817a8ee60,2023-02-25 00:36:01,Chargeback,Well almost increase section region save attention.
9c747f43-e165-4ecd-82bd-1e26522c117a,1703cac9-18e3-4c43-8a36-f01f56fabd16,2023-07-10 04:02:24,Suspicious Activity,Group hour present crime create.
9d01a0b7-933a-49dc-b292-1c31eb63ced1,9eba8e48-0343-49f9-a073-395ec966e8b3,2023-05-13 06:04:48,Suspicious Activity,Quite source probably company foreign.
7c4399da-e00f-4b82-b6b0-ea7c48e4b680,6b1c3d49-0053-47b9-bbb5-030a868a607f,2023-03-24 04:01:35,Chargeback,Certain drive throughout kitchen medical tree.
f0e4b38e-dce1-49a7-b7a4-f1a053063c1e,fd2ca52f-cd12-489a-8343-265e151a46a8,2023-06-01 06:53:00,Chargeback,Us worry development front.
1a7668d6-5428-499d-9eeb-094df560698b,c443d915-428b-4c34-8810-a79b52721214,2023-05-07 21:34:01,Suspicious Activity,Expect capital culture.
1947012c-cae8-47ad-a498-d3a01e228baa,320b0d4d-44e4-4658-8e64-8d8bf0807fe7,2023-01-10 18:31:44,Chargeback,Glass left water onto.
c21329d5-4977-48f4-986d-6d8d1f56afd0,3230e2c1-53b4-45b8-9804-069b53f5dc5e,2023-04-17 08:49:27,Suspicious Activity,Deep long air local none international.
56b45e3e-b97c-4ccc-b3bb-433a31fb472f,8c8c1201-5670-41d7-b667-6532640e7ee7,2023-01-05 11:53:45,Suspicious Activity,Health analysis grow leg staff indeed ask happy.
a9accb20-905d-47b7-84f1-0fc353c9688c,38d5318c-c318-42fb-ba36-db8117436fb0,2023-06-15 10:07:33,Suspicious Activity,Somebody economic them ask whether trial peace.
6a01b0de-f03b-4869-81a8-e8a519580018,8efef6d8-9baa-4eed-9a48-08e5f8ff2b07,2023-06-23 02:34:30,Suspicious Activity,True eight world surface writer.
7ca1ba54-7ccb-4dbc-b327-16358e0d97dd,822035c6-1fc5-4fd7-9f3b-ff10a3b3b76c,2023-05-22 09:03:09,Chargeback,Plant remain arm employee.
e6c198f3-3681-46cf-af8a-528201c1bc62,988ff1f0-e220-4d57-aa2e-8f16c383c24c,2023-08-01 12:21:30,Chargeback,Music see continue deep pick whom worry support.
1c1d20d2-7d89-4821-9bff-d84443772524,ffa03ffe-d533-4647-b8e4-71e1d9b5ca51,2023-03-15 18:58:51,Suspicious Activity,Vote charge skin scientist tree practice name.
26a54975-a2fe-4aa0-8786-8dff4c0a8b41,17a57147-ac68-4e1f-afa9-d12127a6deeb,2023-08-02 15:50:58,Chargeback,Him often month candidate analysis.
19721775-be0a-4815-85ec-871f2a05b3ef,ecde12aa-8328-4bdb-a77d-38eaf57387b8,2023-01-27 18:11:53,Chargeback,Peace page sing Mr happy if.
ee676b1f-b760-4220-85a1-721eb90f20b1,22221c2c-68b2-4c92-bfc2-f073f3f65a65,2023-07-27 13:22:26,Chargeback,Represent certainly article simply.
843597dd-7567-4375-baa0-d4a459466b65,5f4e6dd9-c57b-4d8a-a410-7c4100e64154,2023-02-23 02:06:20,Suspicious Activity,Marriage if score yet.
703920f0-257f-4117-9c07-30935d4858fe,4116d83a-6435-447b-982d-fb160edcba81,2023-04-03 04:42:33,Suspicious Activity,Bad relationship subject but.
bb55bedc-861f-4397-a5ea-4c763e27850b,05aa3d04-fe46-4f16-831e-898d00b485e1,2023-07-09 07:17:11,Chargeback,Specific thousand relate cell floor turn.
2be3b797-ca84-41d0-8254-f2eba58e24ef,d6e05439-ecd2-4d87-8f46-c8a5a5e4de99,2023-07-30 05:11:24,Chargeback,Remain suddenly carry phone lose for discover.
42f4bfed-112a-4be9-b31f-db64ce165b68,60de9bcf-bb39-4201-9817-9f1b0765d525,2023-05-13 13:55:06,Suspicious Activity,Media Republican dream certainly.
0f69afee-866c-4936-92eb-1a6c4fb681b7,693ef700-558e-4f6c-8307-b8c378ac19b4,2023-02-19 04:27:05,Suspicious Activity,When option suddenly organization Congress really.
627ae1ba-35a5-4330-9540-ca1a62833631,9c59e2ef-1eee-4eab-9cb6-c009c2e06cf2,2023-02-15 02:44:57,Chargeback,Traditional well usually body soldier cover.
7dcd4599-c95d-4ae2-a12d-367e4d3a998b,90b39239-d4e8-4d3d-bc7a-a52f53e0a127,2023-06-24 10:21:28,Chargeback,Write fill return air fire executive build news.
f489a9e6-4e52-4f4d-9fdf-eb969f19f621,c233e62f-7b8e-4786-b8a0-64e1c8d528f1,2023-01-21 12:48:50,Chargeback,Nothing artist kind total religious together explain themselves.
e0686e9a-6421-47f1-bd1c-4025e5b6afb0,e522c022-fe4f-48c1-8f77-4fa160fb9eb7,2023-03-29 10:51:24,Suspicious Activity,Focus little spring bad lose even hospital.
ac9b0bc8-0158-483f-a484-0e000b0f6846,5aba58c0-3933-433a-a728-879e399814e0,2023-02-09 08:55:10,Suspicious Activity,Political however sport usually nothing compare.
f6d1d2fd-6a5f-44bd-b8c8-4b90307a45b0,2b6958e5-4494-4898-8a56-41b73f60b5be,2023-02-28 04:35:53,Chargeback,Think father economy evening.
f199193f-bd32-4854-8400-1c78110bfad3,c1626eae-afcd-47f8-977b-d9220c9abc7b,2023-03-29 04:39:36,Chargeback,Role sit know.
e66a4421-b818-42fb-9f96-5f7e073245ab,971f9226-989c-428a-9ed9-6a5ccda1aaea,2023-02-17 23:18:36,Chargeback,Road painting personal notice policy year.
c4d20fc0-0709-4286-951f-0b268fe69e6c,f238022f-593a-4124-8e06-f24178a191bd,2023-04-27 01:31:02,Suspicious Activity,Level finally group teacher.
13fe2a52-5359-4544-9511-e7a90120f15f,2975bfec-e3d9-4422-9908-5c432ad0e13f,2023-04-27 04:16:25,Chargeback,Board at when computer.
dc7266a2-5318-4eea-b1b9-28531b6fa745,02e06f00-4fa4-4c9d-8c44-7ce180503175,2023-06-10 13:45:49,Chargeback,Social billion trial entire.
9a4ae7fe-ad39-41df-8d25-a8502c2ac809,e78ae03b-d15e-4612-822c-5502c4dd2e2d,2023-05-24 23:18:02,Chargeback,Debate magazine sound join.
87b5d8e3-b2ff-40d1-b4fa-2fe44c07e3c9,32c0c7f1-e423-4f79-b0b5-ba63395c33de,2023-01-04 08:37:30,Chargeback,Way executive describe fast itself fund bring.
407d7247-842f-4459-b0d5-44b687c8b89b,e472dccd-26c3-47b0-a49b-18f35b70b6a6,2023-01-27 19:08:38,Chargeback,While bad account.
322bf18b-9acb-458e-8b5f-ac3a7f8b738a,66b7b353-8130-4546-a0a1-cd3927441ad5,2023-06-13 15:37:48,Chargeback,Stay she thousand.
610f5f91-9f79-4a5f-8490-1d45469d7ca6,476ad391-13c7-408e-a08c-8601e8688049,2023-07-18 00:58:11,Suspicious Activity,Seem sell likely themselves election.
35a0b8f8-b698-4761-8d11-11fd346e9674,4870f787-b8a7-494f-88ed-f697a471dfeb,2023-01-27 11:04:58,Suspicious Activity,Then she college.
965c0f1a-5339-45bf-a1dc-70e116271e53,6b560c39-28e5-4f75-8fd6-d05b5eb9b832,2023-08-15 13:25:10,Chargeback,Appear these make certain account view various.
e849603c-6b45-4902-8263-a41a1a6e1e8a,25751471-c06b-4f4c-8350-3ce94e89fd74,2023-02-21 06:39:11,Chargeback,Attorney give than only major.
3c7d56b0-d88e-43b3-b43a-71a9065389ac,520becb4-fdff-4785-91ac-0cd302e6067c,2023-07-01 21:21:57,Chargeback,Decide find some American.
fb9a6c0a-98ca-4d93-9adc-c00c279fdf57,68dc753b-787c-46a4-a4a6-8d5752cfe06e,2023-08-03 19:22:02,Suspicious Activity,Together past learn expect what issue national fact.
24997bd9-3083-482d-9f47-0d361c98a65b,b7f36457-9788-4cb6-a970-179d64c3ab27,2023-05-15 06:35:38,Chargeback,Tv place low worker market make.
f80bebd1-7265-4f56-a9cf-a998fdb5070c,8295a076-a2b1-4845-99c3-3ee43a7e754d,2023-01-18 04:59:40,Chargeback,West bill ask course rock.
c22656c9-3425-4cb5-afd6-9b327b7aba15,9b3911cf-1b9a-4c6f-858c-6b6e8d2b19c7,2023-05-06 20:13:30,Chargeback,Painting bad class available major low.
39af4f6c-eed6-46ea-bd4e-b1b66a34f8bf,9eba8e48-0343-49f9-a073-395ec966e8b3,2023-04-09 13:08:00,Chargeback,Likely police service some role hit.
73e0c355-5800-4001-9050-7d0e3db702b3,0efadf50-7786-41e6-9ff2-df544ce0828f,2023-08-18 08:45:50,Chargeback,Employee allow which.
328a5487-d111-478b-923d-1f6d2c35ba4a,2f78ef6a-4677-43e7-b794-e59f89d91bbf,2023-04-07 13:55:38,Chargeback,Yourself against wide own sell.
be249927-49df-44a5-8943-c6907da52aa5,5ba212a6-be0c-449e-b4bd-60cc1b96eee2,2023-06-04 18:42:42,Chargeback,Future once collection color hotel rule.
f82c1ac5-3614-4207-b269-114f1fdbea90,8665c047-b927-42f8-a1f4-62e386a3ffe1,2023-03-31 00:41:32,Chargeback,Laugh fire social century can teacher year.
e3db6844-6a26-4be5-96ac-786d6079a168,7c81f14e-afb7-4e15-be6a-250d432adcbd,2023-05-19 22:46:38,Suspicious Activity,Another finish plant.
f12325e7-bbec-4b17-b575-02b74b4aa1a3,90b39239-d4e8-4d3d-bc7a-a52f53e0a127,2023-06-09 22:05:12,Suspicious Activity,Issue reach method arm.
4e278d49-5a6e-468c-b9ec-1bef0762b108,d0dd267d-8ace-44bf-868e-6e551fbd6be6,2023-07-02 16:08:34,Suspicious Activity,Dream leave agreement but.
6d450229-ac71-4ddd-9e6f-c251980fff33,0efadf50-7786-41e6-9ff2-df544ce0828f,2023-07-16 09:31:39,Chargeback,If carry back body.
e9f44d13-bb04-4ddc-9951-566e4bc2362f,3df0a617-1302-4c54-885a-c5e5ddb71543,2023-01-23 03:39:38,Chargeback,Scene man role tend voice.
136832c8-7e8f-43ad-ac41-4369d2734b6e,1db5cef1-b10d-4dd0-8d4c-539d8badb1af,2023-03-06 20:14:08,Suspicious Activity,Half maybe do debate.
f45758d2-c137-4c40-8009-960bb51ded7b,8c8b775a-5285-4f27-8a8a-3153e9b247b4,2023-01-23 04:53:06,Suspicious Activity,Seat remember he movement certainly similar reduce.
eedea3db-5219-4c03-a3ff-da47faca46e2,6b1c3d49-0053-47b9-bbb5-030a868a607f,2023-06-09 13:09:13,Suspicious Activity,Area training information beyond.
67c38c4f-6812-45ea-8cc8-5b1ffe0bc19f,921fb315-3d69-4177-b89e-2e9c46bdfa7d,2023-03-24 12:59:07,Chargeback,Community simple well.
12e8b4c1-b9c8-4a06-b32b-c41226d19cd8,45161212-8e6c-49f5-94f4-77336d9f9ec9,2023-02-28 17:25:27,Suspicious Activity,Want night act century view.
482d66ea-ec80-44fd-ad8d-2047fef57d21,2c65853a-208e-4500-aa70-13b4204fa96f,2023-07-02 05:17:06,Suspicious Activity,How it happen miss agent relationship inside them.
8b36e38d-8ec7-4457-b5a4-572bea6bcb07,9a5b1f02-09aa-4d84-9e6f-9b4401cb3c3d,2023-06-28 07:43:54,Chargeback,Effort brother least personal.
9a8910ab-17d6-4f4c-9a0c-98c91a0950fc,282eb1fe-5f64-4ef1-b910-88aa2a38b1ff,2023-01-09 04:26:26,Chargeback,Both listen audience responsibility participant century alone.
e53df5d9-fc03-42dd-b063-c867690c246a,01413ff9-03aa-4348-b443-e4ccc4ce00ea,2023-03-26 11:33:00,Chargeback,Mrs million under others production serve environmental.
061eada6-69e4-4b15-88c3-375ed40b6718,5a30c17e-0e6b-4d3c-8306-a48a789346a5,2023-05-07 04:45:26,Suspicious Activity,Wonder nor network social measure happen language knowledge.
bd541d90-ecd1-416e-959a-a54250cee41c,5707b572-3017-4236-bcda-eac1ec1520ae,2023-07-16 15:07:45,Suspicious Activity,Five note history economy buy anything.
29e09ace-7bae-4357-8e5b-da619125083c,7db04be4-2aab-468e-a906-76dab01f94ae,2023-03-24 02:20:36,Chargeback,Care color six role should.
8a8b8a51-4a73-4992-89cf-80e96829c19e,753690a7-3cfb-4eef-ada4-a18b2fc2afc0,2023-01-01 09:59:11,Chargeback,Modern rate case apply word run street force.
7d2875ed-477c-45e8-a4c9-bc15498d935d,d0064be9-4f3c-4b66-88e7-57dcfe4f2eaf,2023-01-31 05:35:43,Suspicious Activity,Sometimes door open TV right area all nature.
93afa6c0-c845-40b9-8539-0a85f307299d,9b260b8e-066d-4799-85cd-de5b3a896f21,2023-03-16 23:22:17,Suspicious Activity,Up not reveal plant.
29a9f510-dcea-47f5-a2dd-984ace06220a,2598792b-c6f3-4f05-9a74-df92da439a23,2023-01-21 14:34:43,Suspicious Activity,Find mean south step.
ff5a3c86-b27f-41ef-b07a-969ff8a474fd,c77d07a5-090b-4eae-9f91-c3b557d25946,2023-07-20 19:08:34,Chargeback,Grow realize then game condition to.
59f7701f-eb46-4c1c-b82e-3df0fbfdc248,7d487f7e-6686-4db2-b5ca-eb1ba8008cac,2023-06-10 03:40:12,Suspicious Activity,Dog turn certainly apply middle.
384fd3c2-bc77-4d22-baa0-30ce0822159e,98b5688e-8804-4ac6-9d28-92bb918fab98,2023-06-06 19:16:46,Chargeback,Green the respond become magazine vote.
d9a8a1ed-29f0-406a-b234-8a314b8bc06d,c7d2f3da-07e2-41e6-90ac-1be1b3b23a88,2023-05-05 03:16:09,Suspicious Activity,Chance suggest leader guy.
6c8b52d2-6234-493e-a4d3-7320e301ac35,921704e3-ad71-4681-ab02-983a361804d4,2023-08-18 05:21:50,Chargeback,Under yeah himself hand sport writer.
b13d6be9-a4d1-4cfe-a5e8-c838524c1ac4,e35469c2-b01d-4905-abb7-20d52624ddc2,2023-07-30 12:07:39,Suspicious Activity,Dark mouth some condition maintain our general early.
7fafd609-db10-4990-959d-6d3adc7dcb6c,5203f373-8e42-43aa-a282-6fce065580df,2023-04-26 10:03:24,Suspicious Activity,Explain real serious stage meet.
933caeab-409e-4e6d-a911-8a64efa997d0,e5190046-a08b-4ad7-aec6-473c1e4b0ced,2023-02-15 19:40:15,Suspicious Activity,Six strategy trip ever interesting travel central.
f5942f79-10e2-4838-889c-e7c37cb3fca9,d107a04e-0a2c-44b3-981f-508d8b516ba8,2023-06-15 19:04:57,Chargeback,Necessary paper everyone finish go.
23101c08-6980-4277-bdbd-fcb07b2db6d1,477f47fd-46bf-46e8-b247-040dbcf5a420,2023-05-03 18:38:42,Chargeback,Project interview try put than pass on reality.
54b1a506-b3f6-4a5a-8123-c34d18f3ccea,c3f3295a-d375-4ad5-aa91-cdf408540b7a,2023-05-30 22:19:11,Chargeback,How between manage thought could benefit any.
55c1242b-d538-4169-9da9-36369edfd864,a104f294-c6b1-4693-8ec4-35d28c35be53,2023-01-11 14:51:02,Suspicious Activity,Second yourself source give society produce adult page.
d938133b-1d5a-4688-9256-2aec68a164d6,c437d1d7-75e3-47fd-8460-e5d72fb14510,2023-05-23 01:03:49,Chargeback,Sometimes prevent forward operation character.
dcc62e02-2e5e-40fe-bb4d-cda93654bbf5,9ae95bab-810e-4e13-932c-4e2557a7a92f,2023-08-01 01:41:42,Chargeback,Environment size work individual friend nature find.
bc9ce62c-3910-43bf-9c20-2c95beff909c,83e71932-c0f5-4040-a717-ac5166ef3969,2023-03-28 01:27:08,Chargeback,Oil simply best almost.
5c546573-2546-4d38-8e44-45538be49fe9,2ba545ed-a5a5-4b34-8f94-37e6e1e480e2,2023-04-05 21:10:40,Chargeback,Start population edge.
d9a41857-36d8-4740-8ee3-5b926da7c5dd,9a5b1f02-09aa-4d84-9e6f-9b4401cb3c3d,2023-04-06 20:47:08,Suspicious Activity,Sort even information total threat me another.
8b77bd27-2ad4-4193-934b-25d3387aa74a,8ca378b7-0c91-4c4d-8a83-23bf80663812,2023-03-23 13:47:27,Suspicious Activity,Deal set gas.
2b9668df-d08d-4bc2-b9ab-6f9a22c93729,988ff1f0-e220-4d57-aa2e-8f16c383c24c,2023-06-27 14:13:38,Chargeback,Upon or much operation like speech.
6b71ea65-9a1d-4934-a1f4-54258b30f3af,01575993-6b93-4d6f-8bee-243cd48336ee,2023-04-09 12:52:47,Chargeback,From high PM.
063168c5-3199-468b-ad5b-8ace815c3559,d43bdb65-25e7-4d7c-99ca-639ee6ddb435,2023-02-20 23:24:53,Suspicious Activity,Live strong door year.
18b07470-c1aa-45f4-92b5-99aea2b2414a,9eba8e48-0343-49f9-a073-395ec966e8b3,2023-05-22 06:47:39,Chargeback,Per message herself stuff.
9217b071-b582-43db-98d6-33c5d1e315c5,2b0f9d94-5156-4827-8498-73d8e468a2c1,2023-03-22 00:03:04,Suspicious Activity,Single easy whom growth activity best.
e5a46ff6-80b4-48a0-a9d5-bcd75a663638,43920d8f-476a-4409-bfc5-e07100845ad1,2023-03-04 20:33:21,Suspicious Activity,Compare total history understand.
6cf0b792-f47b-48d8-a7e8-bfa8ac2902c5,73a32d6c-8c52-4d35-be7d-fbf3eba72acd,2023-02-15 21:29:31,Chargeback,Dream system north author.
ebec5b61-936d-42cc-ab22-87c3ed024594,5bf4d439-f632-4895-acbc-7da02fea7f28,2023-07-16 15:45:30,Suspicious Activity,Politics military sound beyond agency center.
21e7678b-6696-4c5b-b935-917f0a71958b,70276a19-462e-4e3a-8c0d-ae6806dfd894,2023-02-11 20:52:09,Suspicious Activity,Race feeling large accept concern almost.
e3dcffb2-1ad7-408f-a1e5-960d50cbb682,05aa3d04-fe46-4f16-831e-898d00b485e1,2023-05-12 20:41:35,Chargeback,Former board and group beat street official blood.
b623aa73-40fd-4be2-bb38-485ac37c7926,2a31d74b-5ff9-4668-84be-5f05c765c21b,2023-01-02 20:57:15,Suspicious Activity,Address ever article close real work.
3c232cc3-77a5-42fa-9a21-e20185e4a96b,b725a033-1371-447d-ac59-4cf4dc7329b8,2023-05-06 06:14:20,Chargeback,Game discuss represent argue.
d5f51546-b3e0-441f-af51-5efbfc39ed44,5c156153-01cc-4b4d-a888-fcaf021dc6f1,2023-02-08 07:39:04,Suspicious Activity,Crime side study court.
293c2d9e-2035-4398-8838-157503dd1c4d,9ae95bab-810e-4e13-932c-4e2557a7a92f,2023-08-09 21:34:51,Chargeback,Laugh outside point machine.
79a21be7-17c2-46f3-8218-20842802a6e2,73e60621-4035-447d-9fd4-5b4a1443e4dc,2023-06-11 18:35:20,Chargeback,Through detail though receive near.
a853e35e-9b5f-489a-8ccc-2c83be6d56b2,fe270528-2c78-4435-872c-d10758b65fd5,2023-02-02 10:10:11,Chargeback,Hope meeting short certain beyond.
dd6a0cb9-f43b-4f71-b41b-97eede0dd033,ec850429-85bc-4ab8-a754-2557f5e0b456,2023-03-29 04:26:54,Chargeback,Rich simple tree my central center.
2ab2d341-4620-4e10-b6c2-1965ffd8dbd9,1e0a9fd2-9eaf-44eb-984a-f6face7d8c5f,2023-04-15 10:54:03,Chargeback,Feel move image recently clearly.
103f66e0-7089-41b8-951c-018eab020488,e76ef00a-b526-4ca8-a409-894f8b3e3b93,2023-07-30 22:46:50,Suspicious Activity,Commercial city any season when artist travel.
5401f31b-dd5b-4a6f-9f49-40d8e32ea971,9f96246a-9e56-4ecd-9565-7e8461afabe2,2023-03-29 08:50:37,Suspicious Activity,Night throughout view government nature anyone certainly.
33f69c63-b842-4977-a16f-ccecc6d67678,b439b31b-18a1-400f-b554-cdb65b8de765,2023-05-05 08:19:54,Suspicious Activity,Although while should maybe.
457dd677-5299-476a-9e45-dba1b32bfbbd,32814089-5af4-488e-ba25-b9dd10e2ed3f,2023-04-23 16:51:46,Chargeback,Key middle enter cultural.
c379b3c0-7ead-4698-88d9-762c80ba6fc0,b1d90a5d-a736-499b-9abb-dd596cad5910,2023-02-02 17:35:01,Chargeback,Main piece between mother soon same money.
4484a1fe-1d14-4943-a1e0-27838e5654f6,32814089-5af4-488e-ba25-b9dd10e2ed3f,2023-01-26 17:58:23,Suspicious Activity,Across billion through.
a3e5a455-144d-4aa3-9b23-edac1262df1a,671e2519-a825-450a-9260-5f6161a7c742,2023-06-24 05:48:26,Suspicious Activity,Change expect once ever then whom office.
358d5f36-f8f6-4b69-a58f-0ea03c5cb8be,d168f338-a7ab-4e25-8406-9c588d9cd38b,2023-06-04 18:21:49,Suspicious Activity,Amount exist likely.
599f795f-f293-4fdd-b4f3-69ca226ce9dd,9f96246a-9e56-4ecd-9565-7e8461afabe2,2023-01-30 18:18:01,Suspicious Activity,Hair police beyond that pressure.
56148a85-4ccc-4e22-86df-bdf237d6089b,458a25d6-b37e-402f-9cf4-95acbd0a00a8,2023-01-05 20:02:58,Suspicious Activity,Policy shoulder ask prove interest land learn.
6eda3cae-a6cc-490a-b35c-ba0aed8dcf4e,4139383c-9f4e-4584-98b7-561c72ef9749,2023-07-07 09:44:50,Suspicious Activity,Official someone subject today must.
f4a0b92c-d6d8-43c5-9527-e39ab70f1492,bcd55081-7c11-4e2f-8d12-ff5a7e141288,2023-01-10 06:13:51,Chargeback,Organization magazine evidence he.
821610fb-a513-42ac-92a8-5b49f1e1c4dd,f33f23a0-3417-4f0d-a303-19b9453d1335,2023-07-23 23:51:12,Suspicious Activity,Grow company interview receive nice specific.
76ac68b2-44a2-4c2d-b13d-c1056a217801,5aecb8c4-5feb-4250-8658-b0dbf7f4d907,2023-01-05 18:00:03,Suspicious Activity,Man herself talk recent them area usually apply.
3c538b20-3662-40ff-94b2-6177999f8dfb,4af8164a-510e-4ad3-b6c8-7fa500eb2803,2023-02-25 05:18:09,Chargeback,Fall capital show of.
aea669d4-c966-40d3-b763-b7088ce43fd0,baf223b2-342b-4c78-9086-73840b5848c4,2023-08-01 07:15:24,Suspicious Activity,Treat land according really growth certain require professor.
83798341-0630-4325-a3b5-32b2718ff164,36e4f0a6-be61-4bfe-aca3-a1b49f8f2909,2023-06-24 01:00:36,Chargeback,Factor could budget prevent front.
6ee9a1be-52ea-41d2-8312-540f3ecb26e1,ab916202-b9ed-444e-b950-3bd727c1730f,2023-01-07 09:58:45,Chargeback,Trial anyone hotel because population no surface stop.
ea5dea1a-eef7-42c1-937b-4eaac33a66b7,cd26973a-c5f3-4390-a362-130782dff5f9,2023-01-14 23:14:11,Suspicious Activity,Prepare oil majority close wear explain interest speech.
fe603eee-62de-44cb-baca-a7a3c615b51a,12fbac36-783d-4b73-8d13-7916b0f2f278,2023-03-26 20:59:58,Chargeback,Spend real get here research.
7843c8ce-d7fa-4be0-b7e0-b210965de43d,663bc52f-85bc-463f-88fe-6e6e811e15ed,2023-05-20 20:24:14,Chargeback,Bank indicate religious whom.
76dd5502-8d91-4b0d-bbb2-2dd9ce1cc6c2,d660e494-1d91-4485-84ab-229ce763d3e1,2023-01-02 06:56:24,Suspicious Activity,Hundred tough score under.
33cdfe43-13bf-4bc3-97a9-d116139744dc,80479f2c-bbf4-44f5-95fe-d71597c3a784,2023-02-21 17:38:37,Chargeback,From minute budget free both have old.
