Merchant Name,Category,Location
"Berry, Miller and Higgins",Restaurant,East Kyleside
Elliott Ltd,Online,South Jessica
Hawkins-Howard,Restaurant,South Jasmine
Martin-Sanchez,Online,Priceport
"Garza, Roberts and Martin",Online,Jameschester
"Sanchez, Howard and Banks",Restaurant,New Natalie
"Foster, Little and Johnson",Entertainment,New Toddburgh
"Barnes, Hall and Serrano",Entertainment,Port Kelly
Banks-Keller,Restaurant,North Nicolebury
Knight-Robinson,Restaurant,New Willie
Bryant Ltd,Restaurant,East Nathanstad
Rodriguez Inc,Online,Haleyville
"Pugh, Chaney and Cox",Restaurant,Lake Reneeville
Lopez Group,Restaurant,New Olivia
Carter-Brown,Entertainment,South Chad
"Carpenter, Aguilar and Washington",Restaurant,Lake Amandafort
"Jackson, Irwin and Davis",Retail,Marvinside
Williamson-Stevens,Online,Mayton
Smith Inc,Entertainment,Blankenshipport
"Vazquez, Joyce and Miller",Entertainment,West Michelefurt
Campbell-Morgan,Entertainment,South Jamesland
Harding-Donaldson,Retail,Port David
Bullock-Ruiz,Online,Lisashire
"Morgan, Harrison and Gilmore",Restaurant,South Tommyland
Brown Inc,Entertainment,Kurtland
"Clayton, Smith and Wood",Retail,Joshuashire
Liu-Joyce,Retail,North Ricardoton
"Wilson, Moreno and Johnson",Entertainment,Lake Jonathanshire
Davis-Bryant,Retail,Fishertown
Wade Group,Restaurant,Jessicaburgh
Lutz LLC,Entertainment,Owensstad
Perez-Brown,Retail,Tinaville
"Lambert, Perez and Bradshaw",Online,West Victoriaburgh
Smith-Jackson,Restaurant,Williamsville
"Mcbride, Hernandez and Jones",Online,West Elizabethstad
Conrad Inc,Retail,Travisfort
Rivera-Anderson,Restaurant,East Jason
Scott-Ryan,Entertainment,New Alexandria
Payne-Dunn,Entertainment,South Alishaborough
"Grimes, Lozano and Tyler",Online,Christopherborough
"Nguyen, Coleman and Schultz",Retail,Lake Cindyview
Frederick and Sons,Restaurant,East Williamville
Mueller-Bell,Entertainment,Port Ashleyburgh
Freeman Inc,Entertainment,North Andreport
Nichols-Curry,Restaurant,East Peter
Petty Inc,Online,Port Christopherland
Pena LLC,Online,New Angela
Walls-Rodriguez,Online,North Josephhaven
"Brooks, Welch and Alvarado",Entertainment,North Ryanland
Martinez-Swanson,Online,West Joseph
Rodriguez PLC,Entertainment,Jenkinschester
"Proctor, Wong and Garcia",Restaurant,Port Joseview
Sutton-Johnson,Retail,East Ethan
"Aguirre, Schmidt and Taylor",Retail,Joshuatown
Gutierrez and Sons,Retail,Charlesfurt
"Gray, Ramirez and Ramos",Restaurant,Brianton
Chambers and Sons,Online,Mccormickhaven
"Humphrey, Foster and Marks",Online,Whiteburgh
"Cruz, Aguilar and Perry",Online,Deleonberg
"Lee, Perez and Davila",Retail,West Sharonmouth
"Patel, Morgan and Cole",Restaurant,Samanthaland
Lowe-Campbell,Restaurant,Port Eugene
Peterson-Nichols,Retail,Deanfort
Park and Sons,Entertainment,New Anthony
"Oliver, Fisher and Nelson",Retail,North Alexandra
Adams-Arnold,Online,Payneland
Miller and Sons,Retail,East Scott
Green Inc,Restaurant,New April
"Holland, West and Hansen",Restaurant,Port Katrinamouth
Alexander Ltd,Restaurant,Port Rhonda
Foster PLC,Entertainment,New Johnberg
Williams-Jones,Entertainment,Rebeccatown
"Love, Nelson and Young",Online,Anneburgh
"Jones, Raymond and Kelly",Entertainment,Rebeccahaven
Holden Ltd,Retail,Michelleport
Wells LLC,Restaurant,West Brandytown
"Rivera, Johnson and Burns",Retail,Morrisfort
Baker PLC,Retail,Lake Raymond
Gutierrez Group,Online,Scottchester
"Carter, Garcia and Richardson",Entertainment,Lake Julianland
Porter-Small,Retail,South Jesseberg
Chung LLC,Online,Erikburgh
Howard Group,Restaurant,Olsonstad
Berry-Davis,Entertainment,Billyview
Hernandez-Monroe,Entertainment,Baileychester
"Levine, Avery and Hanson",Entertainment,Garciamouth
Campbell-Francis,Restaurant,Anthonyborough
"Lopez, Guerrero and Patrick",Retail,Oliviafort
"Rocha, Harper and Guzman",Entertainment,West Nicole
Turner-Taylor,Online,Tonystad
Gonzalez-Villa,Online,North Kelsey
Noble Ltd,Retail,Bowersshire
Bush PLC,Entertainment,Hudsonfurt
Odonnell and Sons,Online,West Stephen
"Ball, Quinn and Kim",Online,Brandonburgh
"Harrell, Schaefer and Hardy",Online,Jessicashire
"Fernandez, Ramirez and Chandler",Entertainment,Susanbury
Mckinney-Leach,Entertainment,Dawnstad
Griffin Ltd,Online,North Anthony
"Wilson, Dawson and Shelton",Entertainment,East Williamberg
"Norris, Mason and Simmons",Online,Lake Kevin
Wu-Martin,Online,Port James
Johnson-Adams,Retail,New Paige
Meza-Collins,Restaurant,Jonathonmouth
"Morris, Martinez and Brooks",Online,West Graceport
Johnson Inc,Restaurant,Bobbyhaven
"Bryan, Moore and Mendoza",Entertainment,Nicholasview
Stevens LLC,Restaurant,West Alexis
Jones-Schaefer,Retail,Parkerland
"Cole, Davis and Rodriguez",Restaurant,Donaldtown
"Duncan, Powell and Jenkins",Retail,Michaelchester
Morrison-Pierce,Entertainment,Mullinsfort
Morris-Rice,Restaurant,South Evan
"Mcmillan, Schwartz and Barnes",Retail,Monicafort
Kelley LLC,Entertainment,North Jennifer
Simpson Inc,Entertainment,East Robertburgh
Barnes LLC,Retail,South Robert
Hall-Tucker,Online,New Christopherville
Costa-Pitts,Restaurant,North Marie
"Freeman, Thompson and Weaver",Entertainment,North Jennyport
Davis-Stevens,Online,Stoneside
Cervantes and Sons,Online,West Madeline
"Edwards, Smith and Singh",Retail,North Emily
Reeves-Cross,Retail,Emilystad
"Walker, Barnes and Patterson",Restaurant,Aaronton
"Pena, Ruiz and Garcia",Retail,West Danielmouth
Ellis-Reynolds,Online,Jonathanland
Lewis-Ramirez,Retail,West Johnton
Jones Inc,Retail,Lake Daisy
Brennan Ltd,Restaurant,Patrickhaven
Perez-Jones,Retail,East Courtneyville
Cole-Gonzales,Entertainment,Tonyamouth
Johnson-Ramirez,Online,Johnmouth
"Wood, Williams and Leonard",Online,New Anthonyville
Williams Ltd,Online,Jenniferland
Anderson-King,Restaurant,Cassandraborough
Moore LLC,Entertainment,Crystalborough
Jordan Ltd,Online,Andrewbury
Bennett and Sons,Online,West Marcus
"Porter, Greene and Ellis",Online,Port Tylerchester
"Rodriguez, Mullen and Potts",Restaurant,East Nataliemouth
Morris PLC,Restaurant,East Sherrishire
"Carter, Nguyen and Perez",Online,West Scott
Johnson-Norman,Retail,Brownburgh
Mcbride-Lloyd,Retail,Davidland
"Schneider, Bradley and Mays",Online,Mitchellberg
Fleming Group,Entertainment,Conleyhaven
"White, Garner and Adams",Restaurant,Glennhaven
Sosa Inc,Restaurant,Mccarthyland
Carson-Moore,Restaurant,Port Jeromechester
"Thomas, Jensen and Sullivan",Entertainment,South Brittanybury
Merritt LLC,Retail,Villaland
Perkins-Anderson,Online,West Johnmouth
Huerta-Galvan,Online,Larrytown
"Rodriguez, Hood and Vega",Entertainment,South Debraville
"Savage, Garza and Anderson",Restaurant,Lake Zachary
"Long, Wright and Lucero",Restaurant,South Davidchester
Johnson-Larsen,Restaurant,Port Patrickland
"Cook, Smith and Davis",Online,Trevinoberg
"Cortez, Thompson and Fuller",Online,North Adamchester
Boyle-Thomas,Online,Michaelchester
Anderson Ltd,Entertainment,Robertmouth
Lee-Williams,Online,South Timothy
Levine Group,Online,Mikeborough
"Griffith, Thompson and Nguyen",Online,South Lisa
Chavez Ltd,Retail,West Sethmouth
"Aguirre, Beltran and Johnson",Retail,Allisonmouth
Ramos Inc,Online,Roblesborough
Booth PLC,Restaurant,Nguyenchester
Golden PLC,Restaurant,Lake Robertberg
Roy-Sellers,Online,Davidburgh
Murray Group,Retail,West Markside
"Scott, Chang and Wilson",Restaurant,New Darlene
Cross-Lopez,Restaurant,Lake Christopher
"Russell, Keller and Stewart",Online,Matthewview
Estrada-Young,Restaurant,New Kelseybury
"Cherry, Johnson and Bowman",Online,North Edgarside
Smith Ltd,Entertainment,Cassandraberg
Gregory LLC,Online,Nicholasside
Ford-Wells,Restaurant,Smithfort
Kerr-Oneill,Retail,Brianside
"Ferguson, Lowe and Nielsen",Restaurant,Raymondburgh
"Garcia, Silva and Miles",Entertainment,Elizabethside
Rodriguez-Anderson,Entertainment,West Kevinhaven
Murray-Olson,Online,Guerrerofort
Villarreal-Knapp,Entertainment,Robinbury
Hall Group,Retail,Amandafort
Jordan-Garcia,Entertainment,Hudsonbury
"Contreras, Martin and Mendez",Online,Benjaminport
Hanson-Santana,Restaurant,West Billyhaven
Boone-Mason,Entertainment,East Jaredfort
Rivera and Sons,Retail,South Tammyshire
"Ibarra, Montoya and Bradley",Entertainment,Lake Angela
Holt PLC,Retail,Rossborough
Ball-Green,Online,South Russell
Mann-Obrien,Restaurant,New Angelaburgh
"Mendez, Jackson and Kelly",Entertainment,Kaylatown
"Castro, Johnson and Pennington",Online,Darrylbury
Peterson-Long,Restaurant,Briantown
Mullins-Moore,Online,West Heathertown
"Love, Miller and Romero",Restaurant,West Jason
"Osborne, Carter and Hughes",Retail,Williamsburgh
Sanders-Mills,Restaurant,Garnerchester
Kim and Sons,Restaurant,Christinaland
Booth-Thomas,Restaurant,Greenehaven
Hubbard PLC,Online,Stevenborough
"Case, Smith and Wood",Retail,East Gregoryshire
Alexander and Sons,Entertainment,Lake Jamesfort
Perry LLC,Retail,West Brentland
Mcintyre PLC,Retail,Goldentown
"Shah, Park and Archer",Online,South Steven
"Sawyer, Hayden and Gutierrez",Entertainment,Lake Wendyburgh
"Davis, Jackson and Werner",Retail,Hubbardberg
"Hill, Jacobs and Duran",Entertainment,Thomastown
Walter Inc,Entertainment,Mcconnellstad
Smith-Jones,Retail,Port Juliahaven
Young-Cruz,Entertainment,Lake Aprilside
Hughes Group,Retail,Marcburgh
Montoya and Sons,Online,Kingfort
Brown LLC,Online,North Meredith
"Cochran, Stanton and Alvarez",Retail,Crawfordshire
Harvey-Cisneros,Online,North Antonio
"Jensen, Smith and Webb",Entertainment,East Kristinborough
"Ayala, Cohen and Johnson",Restaurant,New Michaelhaven
Davis-Wagner,Retail,Port Theresa
Shaw-Acosta,Online,Leblancmouth
"Sosa, Anderson and Jackson",Retail,South Johnfort
Wade-Jennings,Online,Allisonfurt
West and Sons,Entertainment,Michaelside
Gonzalez-Lopez,Retail,Paulberg
Olsen-Dunn,Entertainment,New Aaron
Barker-Smith,Entertainment,Woodside
"Ford, Greene and Wade",Online,Gregoryton
Ruiz LLC,Entertainment,South Shelbyhaven
Ochoa Inc,Entertainment,North Amy
Barrera and Sons,Retail,New Lisa
Wall Inc,Online,Port Melissa
"Cunningham, Cervantes and Davis",Entertainment,Carrton
Patel-Thompson,Entertainment,South Anthonyshire
Lee-Joseph,Retail,Serranoview
"Bennett, Mora and Lutz",Restaurant,Port Amy
Scott-Hansen,Online,North Charles
Jackson-Porter,Online,Kaufmanchester
Sanchez Inc,Entertainment,West Dwaynestad
Miles-Hart,Entertainment,Kurtberg
Garcia Ltd,Online,New Jamesmouth
"Johnson, Figueroa and Daniels",Online,South Michelleshire
Ware LLC,Entertainment,East Amberchester
Cook Group,Online,Port Jennifer
Mack-Lynn,Entertainment,South Scott
Reed-Hall,Restaurant,Port Dennis
Nelson Inc,Retail,Katherineburgh
"Pierce, Hall and Reyes",Entertainment,Jillmouth
Knight Ltd,Restaurant,Hensonfurt
"Williams, Sullivan and Jones",Retail,Lopezhaven
Russo-Fernandez,Restaurant,Gonzalezport
"Huff, Chen and Anderson",Online,West Jeffreyland
Jackson-Miller,Retail,East Ashleyfurt
Andrade Inc,Entertainment,New Matthewstad
Mcdaniel Ltd,Online,Ashleybury
Richards-Stanley,Entertainment,East Anthonystad
"Arroyo, Rose and Freeman",Online,Lake Zachary
Martinez and Sons,Restaurant,Wrightfort
"Johnston, Perry and May",Restaurant,North Alicia
"Davis, Chapman and Shelton",Entertainment,Jayhaven
Patel LLC,Entertainment,Toddborough
Powers-Murillo,Online,North Cody
Foster-Watts,Online,North Heathermouth
Moss-Reese,Restaurant,Rogerview
"Williams, Hartman and Thornton",Retail,East Jonathanton
Richards-Cook,Restaurant,North Seanstad
Jones and Sons,Retail,West Miranda
"Schaefer, Jones and Curtis",Entertainment,South Jerry
Castro-Flores,Entertainment,New Jeffreyfort
Bender and Sons,Retail,Michaelfort
"Shaffer, Le and Mason",Online,Ramirezberg
"Newton, Tran and Cunningham",Retail,Ellismouth
Thompson and Sons,Restaurant,West Caitlinchester
"Clark, Jacobs and Bailey",Entertainment,Port Lori
Richardson-Martinez,Retail,East Jennifer
"Baker, Reed and Peterson",Retail,Callahanland
Hammond-Cruz,Entertainment,North Donnafort
Saunders Inc,Restaurant,Lake Charlene
Hamilton Group,Restaurant,Edwardfort
"Neal, Murray and Wheeler",Entertainment,North Lauraville
Parker-Arias,Retail,East Jasminechester
Webb-Griffin,Online,West Vincent
Stone-Williams,Online,Melaniechester
Combs Group,Online,North Barbara
"Hammond, Riley and Benitez",Retail,North Alan
Neal Group,Retail,Mcbridestad
Wilson and Sons,Restaurant,New Davidmouth
"Rice, Vasquez and Hunt",Online,Lucasview
Woods-Gregory,Entertainment,West Brandonville
Hughes-Potter,Online,South Heather
"Jacobson, Valentine and Romero",Retail,Lake Nathan
Larson-Cook,Restaurant,West Ian
Gay Ltd,Entertainment,Lynnstad
Jones and Sons,Restaurant,North Justinfurt
Lawrence PLC,Restaurant,Port Robert
Singleton-Mcdonald,Entertainment,Lake Samantha
Thompson PLC,Retail,Lake Jamie
Pham PLC,Entertainment,East Natasha
Blankenship Group,Restaurant,North Sherrymouth
Jones-Jones,Entertainment,Andrewshire
Ramirez-Dodson,Entertainment,Davisfurt
"Hall, Ross and Ward",Entertainment,North Jennifer
Floyd-Stokes,Entertainment,Markburgh
Berry LLC,Online,South Susanchester
Hopkins Inc,Retail,Jamesport
Haney-Cook,Retail,West Tammymouth
Smith-Sanchez,Restaurant,Francochester
Martin-Collier,Online,Andrewhaven
Williams Group,Entertainment,Jameston
Gill-Stewart,Online,Lorishire
Parrish-Thompson,Retail,North James
Contreras Group,Retail,Vincentberg
Thomas Inc,Online,Griffinmouth
Meza-Davis,Entertainment,Websterville
Kelly Group,Entertainment,Christiantown
Spencer Group,Entertainment,South Alexander
"Dawson, Davis and Adams",Retail,Gillborough
Stanton PLC,Restaurant,South Roger
"Ortiz, Castillo and Davis",Retail,Perezton
"Bernard, Thompson and George",Online,Clarkfort
Stewart-Pratt,Entertainment,Kirkbury
Chandler and Sons,Entertainment,Matthewburgh
"Moody, Ruiz and Miles",Retail,North Stephaniestad
"Wood, Lowe and Larson",Retail,Strongmouth
"Kirk, Lloyd and Hines",Restaurant,North Shawn
Griffin-Bradley,Restaurant,Claireville
Kelly Ltd,Entertainment,Lake Angelabury
Smith-Brown,Restaurant,Leahbury
Owens Group,Restaurant,South Randall
"Solis, Case and Booker",Entertainment,West Robertside
Lawrence Group,Restaurant,Joseport
Flores-Knight,Retail,Katherineville
"Johnson, Weaver and White",Restaurant,North Theresaland
"Bell, Adams and Browning",Restaurant,East Cliffordland
"Cook, Hall and Fernandez",Online,Johnsonville
Clark LLC,Restaurant,Alexanderville
Chen LLC,Retail,Josephville
Barajas Group,Restaurant,Andreaville
Sanchez Group,Restaurant,Port Codymouth
"Bryant, Walker and Holder",Entertainment,Wallside
"Mcintyre, Garcia and Gray",Online,New Edward
"Rodriguez, Robinson and Harris",Online,Lake Shelleyfort
"Johnson, Perez and Roach",Entertainment,East Tommy
Wolfe and Sons,Entertainment,Markview
Lindsey-Wilkins,Entertainment,East Gregory
Schroeder and Sons,Entertainment,Lake Isaacbury
"Coleman, Clark and Keller",Entertainment,Millerburgh
"Garcia, Baker and Dixon",Online,West Markport
Williams-Green,Retail,Mooreberg
Bell Ltd,Entertainment,North Michael
"Nichols, Smith and Hampton",Entertainment,Nunezbury
Garcia-Wheeler,Retail,New Lisa
"Lee, Adams and Villarreal",Entertainment,Emilyside
Dean-Ortega,Retail,Dennisville
Webb-Reid,Entertainment,Williamsburgh
Curry-Blake,Restaurant,Port Jenny
Martinez-Farmer,Entertainment,Davisstad
"Benitez, Wilson and Greer",Entertainment,Clarkton
Baker and Sons,Retail,New Jeffreyborough
English-Kim,Entertainment,West Hollyport
Wilson-Rangel,Entertainment,Curryland
"Larsen, Perkins and Reyes",Restaurant,Jasonport
White Ltd,Retail,Conwaybury
Cordova Inc,Online,Samuelstad
Nelson-Roberts,Restaurant,Hernandezmouth
Rodriguez LLC,Entertainment,Duranbury
Miller Inc,Retail,Loriton
"Cooper, Gonzalez and Gutierrez",Retail,South Vincent
"Johnson, Wilson and Jackson",Retail,Hendersonbury
Lam and Sons,Restaurant,Contreraston
Gaines PLC,Retail,Lake Kevinville
Davis and Sons,Restaurant,Lake Desireeland
"May, Campbell and Fisher",Retail,Alexandraport
Patton-Mckenzie,Retail,East Kimberlymouth
Owen LLC,Retail,North Samantha
Trevino-Martin,Entertainment,Catherinetown
Rodriguez-Ferguson,Retail,South Ashley
"Hanson, Walls and Proctor",Entertainment,Edwardton
Petty Group,Entertainment,East Sharonbury
Hampton Ltd,Entertainment,Sherryside
Vaughn Ltd,Retail,East Judy
Martinez-Barry,Entertainment,Williamsside
Martinez-Briggs,Online,Port Robin
Hernandez Ltd,Entertainment,New Aprilhaven
"Pierce, Haney and Thompson",Retail,South Matthew
Castaneda-Morris,Online,Port Holly
Ochoa-Harrison,Entertainment,West Rebeccachester
"Barron, Williams and Cline",Retail,West Christopherview
Burns and Sons,Entertainment,Port Stephen
Johnson-Murphy,Restaurant,North Scottton
Berry Group,Online,Toddmouth
"Roach, Roberts and Roth",Restaurant,South William
Parker-Bailey,Entertainment,West Laura
Robertson PLC,Online,Connieville
"Thompson, George and Love",Retail,West Cameron
Murillo Group,Restaurant,Gonzalesville
Romero-Carrillo,Retail,Michaelview
"Hobbs, Williams and Rodgers",Restaurant,West Christina
"Smith, Cruz and Avila",Entertainment,Snowberg
Washington-Jones,Entertainment,Amandaview
Jefferson Group,Entertainment,Garciaville
Walker-Murphy,Online,Kellybury
"White, Norton and Adams",Retail,West Steven
Rodriguez-Rosales,Retail,Lake Danielchester
Perez-Ho,Retail,Hannahhaven
Velasquez Group,Entertainment,Port Angela
Mcdonald Group,Online,Lisafort
"Li, Weaver and Summers",Online,Danielland
"Monroe, Allen and Lewis",Restaurant,Shannonside
Gomez Ltd,Online,South Mariaport
Walters LLC,Retail,Pattersonton
"Mason, Humphrey and Rose",Retail,South Alan
Sullivan Inc,Restaurant,Thorntonberg
Todd-Richards,Online,West Sonya
Lambert LLC,Restaurant,Lake Veronica
Ortiz Group,Entertainment,Lake Jessehaven
Johnson LLC,Restaurant,Coxfurt
"Ross, Reyes and Watts",Entertainment,Michellehaven
Gray and Sons,Online,Oneillton
Johnson-Francis,Retail,Juarezchester
Thompson-Zuniga,Restaurant,Port Jeanetteport
"Richardson, Thompson and Gray",Entertainment,Port Laura
"Palmer, Villa and Gomez",Restaurant,Savageview
"Goodwin, Trevino and Palmer",Entertainment,East James
Thompson Group,Restaurant,South Julieview
Morrow-Davenport,Entertainment,Port Dominique
"Davis, Duncan and Howard",Retail,North Lindsayside
Leach PLC,Restaurant,West Jennifermouth
Elliott-Sharp,Restaurant,East Tinaberg
Simmons Inc,Entertainment,Evelynshire
Atkins and Sons,Restaurant,Nathanielborough
Bennett and Sons,Retail,Lake Michelle
Smith-Reynolds,Retail,Port Amandashire
Hardy-Collins,Restaurant,South Ericamouth
Stokes Inc,Online,Lambfort
Whitney-Wilkinson,Restaurant,South Jessicahaven
"Anderson, Walker and Blake",Restaurant,Robertostad
"Mcdonald, Schultz and Reeves",Retail,Jonesville
Peterson-Butler,Retail,West Christine
Parker-Williams,Entertainment,South Kenneth
Donaldson Group,Retail,East Emily
Martin Group,Restaurant,South Amy
Brennan LLC,Restaurant,Port Brandiland
Parker PLC,Entertainment,South Susanview
Johnson Inc,Restaurant,Lake Jason
Young PLC,Retail,Lake Lisa
"Carpenter, Medina and Powell",Online,East Jared
"Page, Sanchez and Ortiz",Online,Port Joseph
Yang-Sims,Online,New Christina
Evans-Hernandez,Entertainment,Saramouth
Collins-Stephenson,Retail,Maryland
"Schmidt, Swanson and Bernard",Restaurant,North Brenda
Barnett and Sons,Entertainment,Jennifertown
Gillespie-Murphy,Restaurant,Port Joshuashire
Wall Inc,Entertainment,Crystalberg
"Hood, Reed and Park",Entertainment,Port Adamside
Perez Group,Retail,Johnchester
"Marsh, Trujillo and Howard",Restaurant,East Jonathanstad
Richardson-Wright,Entertainment,Kentmouth
"Shannon, Chavez and Moore",Restaurant,North Robertfurt
Davis-Powers,Retail,West Kristina
"Bray, Herring and Clark",Restaurant,Victoriamouth
Williams Inc,Restaurant,West Sarah
Warren PLC,Online,Amberbury
Smith Ltd,Retail,New Maryfurt
Peterson Ltd,Restaurant,Martinezchester
Gomez-Espinoza,Retail,Chaneystad
"Singleton, Long and Donaldson",Entertainment,Shaunstad
Stewart PLC,Online,Lake Sarahland
"Wood, Howell and Burton",Online,Hansenville
"Torres, Jackson and Thomas",Restaurant,Fisherville
Marshall Ltd,Entertainment,Lake Jennifer
Sanchez-Hendricks,Restaurant,Juanland
Freeman Ltd,Online,New Nichole
Chavez-Willis,Retail,New Caitlinfort
Thomas-Castillo,Online,Rebeccashire
Hicks and Sons,Entertainment,Jonestown
Guerra-Carson,Online,Lake Jeanmouth
"Walker, Campbell and Smith",Entertainment,Lake Garyton
Mcdaniel-Johnson,Entertainment,Sloanview
Franklin and Sons,Entertainment,Clarkfort
"Kline, Thompson and Adams",Restaurant,New Jeremyton
Vega PLC,Online,West Stephenton
"Sexton, Brewer and Johnson",Retail,Kennethside
"Wells, Castro and Baker",Retail,Cameronberg
Cervantes-Jones,Restaurant,East Steven
"Molina, Wise and Rice",Online,Michaelland
"Fuentes, Williams and Miller",Retail,Port Danielleton
Owens Ltd,Retail,West Donaldland
Keller-Hawkins,Online,East Michelletown
Jackson Ltd,Entertainment,Brownburgh
Smith Group,Online,Thompsonchester
"Smith, Brewer and Thomas",Entertainment,North Edward
Jones LLC,Entertainment,Ginashire
Coleman LLC,Entertainment,Phillipsland
